day,temperature_c,viscosity_cp,surface_load_n,surface_pos_m
0,200.0,500.0,50000.0,0.0
0,199.88,501.26,51883.72,0.06
0,199.76,502.52,53760.0,0.12
0,199.64,503.79,55621.44,0.18
0,199.52,505.05,57460.7,0.24
0,199.4,506.33,59270.51,0.3
0,199.28,507.6,61043.74,0.36
0,199.16,508.88,62773.38,0.42
0,199.04,510.15,64452.61,0.48
0,198.92,511.44,66074.8,0.54
0,198.8,512.72,67633.56,0.6
0,198.69,514.01,69122.72,0.66
0,198.57,515.3,70536.41,0.72
0,198.45,516.59,71869.06,0.78
0,198.33,517.89,73115.4,0.84
0,198.21,519.19,74270.51,0.9
0,198.09,520.49,75329.84,0.96
0,197.97,521.8,76289.2,1.02
0,197.86,523.1,77144.81,1.08
0,197.74,524.41,77893.29,1.14
0,197.62,525.73,78531.7,1.2
0,197.5,527.04,79057.49,1.26
0,197.38,528.36,79468.62,1.32
0,197.27,529.69,79763.44,1.38
0,197.15,531.01,79940.8,1.44
0,197.03,532.34,80000.0,1.5
0,196.91,533.67,79940.8,1.56
0,196.79,535.0,79763.44,1.62
0,196.68,536.34,79468.62,1.68
0,196.56,537.68,79057.49,1.74
0,196.44,539.02,78531.7,1.8
0,196.33,540.37,77893.29,1.86
0,196.21,541.72,77144.81,1.92
0,196.09,543.07,76289.2,1.98
0,195.97,544.42,75329.84,2.04
0,195.86,545.78,74270.51,2.1
0,195.74,547.14,73115.4,2.16
0,195.63,548.51,71869.06,2.22
0,195.51,549.87,70536.41,2.28
0,195.39,551.24,69122.72,2.34
0,195.28,552.61,67633.56,2.4
0,195.16,553.99,66074.8,2.46
0,195.04,555.37,64452.61,2.52
0,194.93,556.75,62773.38,2.58
0,194.81,558.13,61043.74,2.64
0,194.7,559.52,59270.51,2.7
0,194.58,560.91,57460.7,2.76
0,194.46,562.31,55621.44,2.82
0,194.35,563.7,53760.0,2.88
0,194.23,565.1,51883.72,2.94
0,194.12,566.51,50000.0,3.0
0,194.0,567.91,48116.28,2.94
0,193.89,569.32,46240.0,2.88
0,193.77,570.73,44378.56,2.82
0,193.66,572.15,42539.3,2.76
0,193.54,573.56,40729.49,2.7
0,193.43,574.99,38956.26,2.64
0,193.31,576.41,37226.62,2.58
0,193.2,577.84,35547.39,2.52
0,193.08,579.27,33925.2,2.46
0,192.97,580.7,32366.44,2.4
0,192.86,582.14,30877.28,2.34
0,192.74,583.58,29463.59,2.28
0,192.63,585.02,28130.94,2.22
0,192.51,586.47,26884.6,2.16
0,192.4,587.91,25729.49,2.1
0,192.29,589.37,24670.16,2.04
0,192.17,590.82,23710.8,1.98
0,192.06,592.28,22855.19,1.92
0,191.94,593.74,22106.71,1.86
0,191.83,595.21,21468.3,1.8
0,191.72,596.67,20942.51,1.74
0,191.6,598.15,20531.38,1.68
0,191.49,599.62,20236.56,1.62
0,191.38,601.1,20059.2,1.56
0,191.26,602.58,20000.0,1.5
0,191.15,604.06,20059.2,1.44
0,191.04,605.55,20236.56,1.38
0,190.93,607.04,20531.38,1.32
0,190.81,608.53,20942.51,1.26
0,190.7,610.03,21468.3,1.2
0,190.59,611.53,22106.71,1.14
0,190.48,613.03,22855.19,1.08
0,190.36,614.54,23710.8,1.02
0,190.25,616.05,24670.16,0.96
0,190.14,617.56,25729.49,0.9
0,190.03,619.07,26884.6,0.84
0,189.92,620.59,28130.94,0.78
0,189.8,622.12,29463.59,0.72
0,189.69,623.64,30877.28,0.66
0,189.58,625.17,32366.44,0.6
0,189.47,626.7,33925.2,0.54
0,189.36,628.24,35547.39,0.48
0,189.25,629.78,37226.62,0.42
0,189.13,631.32,38956.26,0.36
0,189.02,632.86,40729.49,0.3
0,188.91,634.41,42539.3,0.24
0,188.8,635.96,44378.56,0.18
0,188.69,637.52,46240.0,0.12
0,188.58,639.08,48116.28,0.06
1,188.47,640.64,50000.0,0.0
1,188.36,642.2,51883.72,0.06
1,188.25,643.77,53760.0,0.12
1,188.14,645.34,55621.44,0.18
1,188.03,646.92,57460.7,0.24
1,187.91,648.5,59270.51,0.3
1,187.8,650.08,61043.74,0.36
1,187.69,651.66,62773.38,0.42
1,187.58,653.25,64452.61,0.48
1,187.47,654.84,66074.8,0.54
1,187.36,656.44,67633.56,0.6
1,187.25,658.04,69122.72,0.66
1,187.14,659.64,70536.41,0.72
1,187.03,661.24,71869.06,0.78
1,186.93,662.85,73115.4,0.84
1,186.82,664.46,74270.51,0.9
1,186.71,666.08,75329.84,0.96
1,186.6,667.7,76289.2,1.02
1,186.49,669.32,77144.81,1.08
1,186.38,670.95,77893.29,1.14
1,186.27,672.57,78531.7,1.2
1,186.16,674.21,79057.49,1.26
1,186.05,675.84,79468.62,1.32
1,185.94,677.48,79763.44,1.38
1,185.83,679.12,79940.8,1.44
1,185.73,680.77,80000.0,1.5
1,185.62,682.42,79940.8,1.56
1,185.51,684.07,79763.44,1.62
1,185.4,685.73,79468.62,1.68
1,185.29,687.39,79057.49,1.74
1,185.18,689.05,78531.7,1.8
1,185.08,690.72,77893.29,1.86
1,184.97,692.39,77144.81,1.92
1,184.86,694.06,76289.2,1.98
1,184.75,695.74,75329.84,2.04
1,184.64,697.42,74270.51,2.1
1,184.54,699.11,73115.4,2.16
1,184.43,700.8,71869.06,2.22
1,184.32,702.49,70536.41,2.28
1,184.21,704.18,69122.72,2.34
1,184.11,705.88,67633.56,2.4
1,184.0,707.58,66074.8,2.46
1,183.89,709.29,64452.61,2.52
1,183.79,711.0,62773.38,2.58
1,183.68,712.71,61043.74,2.64
1,183.57,714.43,59270.51,2.7
1,183.46,716.15,57460.7,2.76
1,183.36,717.87,55621.44,2.82
1,183.25,719.6,53760.0,2.88
1,183.14,721.33,51883.72,2.94
1,183.04,723.06,50000.0,3.0
1,182.93,724.8,48116.28,2.94
1,182.83,726.54,46240.0,2.88
1,182.72,728.28,44378.56,2.82
1,182.61,730.03,42539.3,2.76
1,182.51,731.78,40729.49,2.7
1,182.4,733.54,38956.26,2.64
1,182.3,735.3,37226.62,2.58
1,182.19,737.06,35547.39,2.52
1,182.08,738.83,33925.2,2.46
1,181.98,740.6,32366.44,2.4
1,181.87,742.37,30877.28,2.34
1,181.77,744.15,29463.59,2.28
1,181.66,745.93,28130.94,2.22
1,181.56,747.72,26884.6,2.16
1,181.45,749.5,25729.49,2.1
1,181.35,751.3,24670.16,2.04
1,181.24,753.09,23710.8,1.98
1,181.14,754.89,22855.19,1.92
1,181.03,756.7,22106.71,1.86
1,180.93,758.5,21468.3,1.8
1,180.82,760.31,20942.51,1.74
1,180.72,762.13,20531.38,1.68
1,180.61,763.94,20236.56,1.62
1,180.51,765.77,20059.2,1.56
1,180.4,767.59,20000.0,1.5
1,180.3,769.42,20059.2,1.44
1,180.2,771.25,20236.56,1.38
1,180.09,773.09,20531.38,1.32
1,179.99,774.93,20942.51,1.26
1,179.88,776.78,21468.3,1.2
1,179.78,778.62,22106.71,1.14
1,179.68,780.47,22855.19,1.08
1,179.57,782.33,23710.8,1.02
1,179.47,784.19,24670.16,0.96
1,179.36,786.05,25729.49,0.9
1,179.26,787.92,26884.6,0.84
1,179.16,789.79,28130.94,0.78
1,179.05,791.66,29463.59,0.72
1,178.95,793.54,30877.28,0.66
1,178.85,795.42,32366.44,0.6
1,178.75,797.31,33925.2,0.54
1,178.64,799.2,35547.39,0.48
1,178.54,801.09,37226.62,0.42
1,178.44,802.99,38956.26,0.36
1,178.33,804.89,40729.49,0.3
1,178.23,806.8,42539.3,0.24
1,178.13,808.71,44378.56,0.18
1,178.03,810.62,46240.0,0.12
1,177.92,812.53,48116.28,0.06
2,177.82,814.45,50000.0,0.0
2,177.72,816.38,51883.72,0.06
2,177.62,818.31,53760.0,0.12
2,177.52,820.24,55621.44,0.18
2,177.41,822.17,57460.7,0.24
2,177.31,824.11,59270.51,0.3
2,177.21,826.06,61043.74,0.36
2,177.11,828.01,62773.38,0.42
2,177.01,829.96,64452.61,0.48
2,176.9,831.91,66074.8,0.54
2,176.8,833.87,67633.56,0.6
2,176.7,835.84,69122.72,0.66
2,176.6,837.8,70536.41,0.72
2,176.5,839.77,71869.06,0.78
2,176.4,841.75,73115.4,0.84
2,176.3,843.73,74270.51,0.9
2,176.2,845.71,75329.84,0.96
2,176.09,847.7,76289.2,1.02
2,175.99,849.69,77144.81,1.08
2,175.89,851.68,77893.29,1.14
2,175.79,853.68,78531.7,1.2
2,175.69,855.69,79057.49,1.26
2,175.59,857.69,79468.62,1.32
2,175.49,859.7,79763.44,1.38
2,175.39,861.72,79940.8,1.44
2,175.29,863.74,80000.0,1.5
2,175.19,865.76,79940.8,1.56
2,175.09,867.79,79763.44,1.62
2,174.99,869.82,79468.62,1.68
2,174.89,871.85,79057.49,1.74
2,174.79,873.89,78531.7,1.8
2,174.69,875.93,77893.29,1.86
2,174.59,877.98,77144.81,1.92
2,174.49,880.03,76289.2,1.98
2,174.39,882.09,75329.84,2.04
2,174.29,884.15,74270.51,2.1
2,174.19,886.21,73115.4,2.16
2,174.09,888.28,71869.06,2.22
2,173.99,890.35,70536.41,2.28
2,173.9,892.42,69122.72,2.34
2,173.8,894.5,67633.56,2.4
2,173.7,896.59,66074.8,2.46
2,173.6,898.68,64452.61,2.52
2,173.5,900.77,62773.38,2.58
2,173.4,902.86,61043.74,2.64
2,173.3,904.96,59270.51,2.7
2,173.2,907.07,57460.7,2.76
2,173.1,909.18,55621.44,2.82
2,173.01,911.29,53760.0,2.88
2,172.91,913.41,51883.72,2.94
2,172.81,915.53,50000.0,3.0
2,172.71,917.65,48116.28,2.94
2,172.61,919.78,46240.0,2.88
2,172.52,921.92,44378.56,2.82
2,172.42,924.05,42539.3,2.76
2,172.32,926.2,40729.49,2.7
2,172.22,928.34,38956.26,2.64
2,172.12,930.49,37226.62,2.58
2,172.03,932.65,35547.39,2.52
2,171.93,934.8,33925.2,2.46
2,171.83,936.97,32366.44,2.4
2,171.73,939.13,30877.28,2.34
2,171.64,941.31,29463.59,2.28
2,171.54,943.48,28130.94,2.22
2,171.44,945.66,26884.6,2.16
2,171.34,947.85,25729.49,2.1
2,171.25,950.03,24670.16,2.04
2,171.15,952.23,23710.8,1.98
2,171.05,954.42,22855.19,1.92
2,170.96,956.62,22106.71,1.86
2,170.86,958.83,21468.3,1.8
2,170.76,961.04,20942.51,1.74
2,170.67,963.25,20531.38,1.68
2,170.57,965.47,20236.56,1.62
2,170.47,967.69,20059.2,1.56
2,170.38,969.92,20000.0,1.5
2,170.28,972.15,20059.2,1.44
2,170.19,974.39,20236.56,1.38
2,170.09,976.63,20531.38,1.32
2,169.99,978.87,20942.51,1.26
2,169.9,981.12,21468.3,1.2
2,169.8,983.37,22106.71,1.14
2,169.71,985.63,22855.19,1.08
2,169.61,987.89,23710.8,1.02
2,169.51,990.15,24670.16,0.96
2,169.42,992.42,25729.49,0.9
2,169.32,994.7,26884.6,0.84
2,169.23,996.98,28130.94,0.78
2,169.13,999.26,29463.59,0.72
2,169.04,1001.55,30877.28,0.66
2,168.94,1003.84,32366.44,0.6
2,168.85,1006.14,33925.2,0.54
2,168.75,1008.44,35547.39,0.48
2,168.66,1010.74,37226.62,0.42
2,168.56,1013.05,38956.26,0.36
2,168.47,1015.37,40729.49,0.3
2,168.37,1017.68,42539.3,0.24
2,168.28,1020.01,44378.56,0.18
2,168.18,1022.34,46240.0,0.12
2,168.09,1024.67,48116.28,0.06
3,167.99,1027.0,50000.0,0.0
3,167.9,1029.34,51883.72,0.06
3,167.81,1031.69,53760.0,0.12
3,167.71,1034.04,55621.44,0.18
3,167.62,1036.39,57460.7,0.24
3,167.52,1038.75,59270.51,0.3
3,167.43,1041.11,61043.74,0.36
3,167.34,1043.48,62773.38,0.42
3,167.24,1045.85,64452.61,0.48
3,167.15,1048.23,66074.8,0.54
3,167.05,1050.61,67633.56,0.6
3,166.96,1053.0,69122.72,0.66
3,166.87,1055.39,70536.41,0.72
3,166.77,1057.78,71869.06,0.78
3,166.68,1060.18,73115.4,0.84
3,166.59,1062.58,74270.51,0.9
3,166.49,1064.99,75329.84,0.96
3,166.4,1067.4,76289.2,1.02
3,166.31,1069.82,77144.81,1.08
3,166.21,1072.24,77893.29,1.14
3,166.12,1074.67,78531.7,1.2
3,166.03,1077.1,79057.49,1.26
3,165.94,1079.54,79468.62,1.32
3,165.84,1081.98,79763.44,1.38
3,165.75,1084.42,79940.8,1.44
3,165.66,1086.87,80000.0,1.5
3,165.57,1089.32,79940.8,1.56
3,165.47,1091.78,79763.44,1.62
3,165.38,1094.25,79468.62,1.68
3,165.29,1096.71,79057.49,1.74
3,165.2,1099.19,78531.7,1.8
3,165.1,1101.66,77893.29,1.86
3,165.01,1104.14,77144.81,1.92
3,164.92,1106.63,76289.2,1.98
3,164.83,1109.12,75329.84,2.04
3,164.74,1111.62,74270.51,2.1
3,164.64,1114.12,73115.4,2.16
3,164.55,1116.62,71869.06,2.22
3,164.46,1119.13,70536.41,2.28
3,164.37,1121.65,69122.72,2.34
3,164.28,1124.17,67633.56,2.4
3,164.19,1126.69,66074.8,2.46
3,164.1,1129.22,64452.61,2.52
3,164.0,1131.75,62773.38,2.58
3,163.91,1134.29,61043.74,2.64
3,163.82,1136.83,59270.51,2.7
3,163.73,1139.38,57460.7,2.76
3,163.64,1141.93,55621.44,2.82
3,163.55,1144.49,53760.0,2.88
3,163.46,1147.05,51883.72,2.94
3,163.37,1149.61,50000.0,3.0
3,163.28,1152.19,48116.28,2.94
3,163.19,1154.76,46240.0,2.88
3,163.1,1157.34,44378.56,2.82
3,163.01,1159.93,42539.3,2.76
3,162.91,1162.52,40729.49,2.7
3,162.82,1165.11,38956.26,2.64
3,162.73,1167.71,37226.62,2.58
3,162.64,1170.32,35547.39,2.52
3,162.55,1172.92,33925.2,2.46
3,162.46,1175.54,32366.44,2.4
3,162.37,1178.16,30877.28,2.34
3,162.28,1180.78,29463.59,2.28
3,162.19,1183.41,28130.94,2.22
3,162.1,1186.04,26884.6,2.16
3,162.02,1188.68,25729.49,2.1
3,161.93,1191.32,24670.16,2.04
3,161.84,1193.97,23710.8,1.98
3,161.75,1196.62,22855.19,1.92
3,161.66,1199.28,22106.71,1.86
3,161.57,1201.94,21468.3,1.8
3,161.48,1204.61,20942.51,1.74
3,161.39,1207.28,20531.38,1.68
3,161.3,1209.96,20236.56,1.62
3,161.21,1212.64,20059.2,1.56
3,161.12,1215.33,20000.0,1.5
3,161.03,1218.02,20059.2,1.44
3,160.95,1220.72,20236.56,1.38
3,160.86,1223.42,20531.38,1.32
3,160.77,1226.12,20942.51,1.26
3,160.68,1228.84,21468.3,1.2
3,160.59,1231.55,22106.71,1.14
3,160.5,1234.27,22855.19,1.08
3,160.41,1237.0,23710.8,1.02
3,160.33,1239.73,24670.16,0.96
3,160.24,1242.47,25729.49,0.9
3,160.15,1245.21,26884.6,0.84
3,160.06,1247.95,28130.94,0.78
3,159.97,1250.7,29463.59,0.72
3,159.89,1253.46,30877.28,0.66
3,159.8,1256.22,32366.44,0.6
3,159.71,1258.99,33925.2,0.54
3,159.62,1261.76,35547.39,0.48
3,159.53,1264.53,37226.62,0.42
3,159.45,1267.31,38956.26,0.36
3,159.36,1270.1,40729.49,0.3
3,159.27,1272.89,42539.3,0.24
3,159.18,1275.69,44378.56,0.18
3,159.1,1278.49,46240.0,0.12
3,159.01,1281.29,48116.28,0.06
4,158.92,1284.1,50000.0,0.0
4,158.84,1286.92,51883.72,0.06
4,158.75,1289.74,53760.0,0.12
4,158.66,1292.57,55621.44,0.18
4,158.57,1295.4,57460.7,0.24
4,158.49,1298.23,59270.51,0.3
4,158.4,1301.08,61043.74,0.36
4,158.31,1303.92,62773.38,0.42
4,158.23,1306.77,64452.61,0.48
4,158.14,1309.63,66074.8,0.54
4,158.05,1312.49,67633.56,0.6
4,157.97,1315.36,69122.72,0.66
4,157.88,1318.23,70536.41,0.72
4,157.8,1321.11,71869.06,0.78
4,157.71,1323.99,73115.4,0.84
4,157.62,1326.88,74270.51,0.9
4,157.54,1329.77,75329.84,0.96
4,157.45,1332.67,76289.2,1.02
4,157.37,1335.57,77144.81,1.08
4,157.28,1338.48,77893.29,1.14
4,157.19,1341.39,78531.7,1.2
4,157.11,1344.31,79057.49,1.26
4,157.02,1347.23,79468.62,1.32
4,156.94,1350.16,79763.44,1.38
4,156.85,1353.1,79940.8,1.44
4,156.77,1356.04,80000.0,1.5
4,156.68,1358.98,79940.8,1.56
4,156.59,1361.93,79763.44,1.62
4,156.51,1364.88,79468.62,1.68
4,156.42,1367.84,79057.49,1.74
4,156.34,1370.81,78531.7,1.8
4,156.25,1373.78,77893.29,1.86
4,156.17,1376.75,77144.81,1.92
4,156.08,1379.73,76289.2,1.98
4,156.0,1382.72,75329.84,2.04
4,155.91,1385.71,74270.51,2.1
4,155.83,1388.71,73115.4,2.16
4,155.75,1391.71,71869.06,2.22
4,155.66,1394.72,70536.41,2.28
4,155.58,1397.73,69122.72,2.34
4,155.49,1400.75,67633.56,2.4
4,155.41,1403.77,66074.8,2.46
4,155.32,1406.8,64452.61,2.52
4,155.24,1409.83,62773.38,2.58
4,155.15,1412.87,61043.74,2.64
4,155.07,1415.91,59270.51,2.7
4,154.99,1418.96,57460.7,2.76
4,154.9,1422.02,55621.44,2.82
4,154.82,1425.08,53760.0,2.88
4,154.74,1428.14,51883.72,2.94
4,154.65,1431.21,50000.0,3.0
4,154.57,1434.29,48116.28,2.94
4,154.48,1437.37,46240.0,2.88
4,154.4,1440.46,44378.56,2.82
4,154.32,1443.55,42539.3,2.76
4,154.23,1446.65,40729.49,2.7
4,154.15,1449.75,38956.26,2.64
4,154.07,1452.86,37226.62,2.58
4,153.98,1455.97,35547.39,2.52
4,153.9,1459.09,33925.2,2.46
4,153.82,1462.22,32366.44,2.4
4,153.73,1465.35,30877.28,2.34
4,153.65,1468.48,29463.59,2.28
4,153.57,1471.62,28130.94,2.22
4,153.49,1474.77,26884.6,2.16
4,153.4,1477.92,25729.49,2.1
4,153.32,1481.08,24670.16,2.04
4,153.24,1484.24,23710.8,1.98
4,153.16,1487.41,22855.19,1.92
4,153.07,1490.58,22106.71,1.86
4,152.99,1493.76,21468.3,1.8
4,152.91,1496.94,20942.51,1.74
4,152.83,1500.13,20531.38,1.68
4,152.74,1503.33,20236.56,1.62
4,152.66,1506.53,20059.2,1.56
4,152.58,1509.73,20000.0,1.5
4,152.5,1512.95,20059.2,1.44
4,152.42,1516.16,20236.56,1.38
4,152.33,1519.38,20531.38,1.32
4,152.25,1522.61,20942.51,1.26
4,152.17,1525.85,21468.3,1.2
4,152.09,1529.09,22106.71,1.14
4,152.01,1532.33,22855.19,1.08
4,151.92,1535.58,23710.8,1.02
4,151.84,1538.84,24670.16,0.96
4,151.76,1542.1,25729.49,0.9
4,151.68,1545.36,26884.6,0.84
4,151.6,1548.64,28130.94,0.78
4,151.52,1551.91,29463.59,0.72
4,151.44,1555.2,30877.28,0.66
4,151.36,1558.49,32366.44,0.6
4,151.27,1561.78,33925.2,0.54
4,151.19,1565.08,35547.39,0.48
4,151.11,1568.39,37226.62,0.42
4,151.03,1571.7,38956.26,0.36
4,150.95,1575.02,40729.49,0.3
4,150.87,1578.34,42539.3,0.24
4,150.79,1581.67,44378.56,0.18
4,150.71,1585.0,46240.0,0.12
4,150.63,1588.34,48116.28,0.06
5,150.55,1591.68,50000.0,0.0
5,150.47,1595.03,51883.72,0.06
5,150.39,1598.39,53760.0,0.12
5,150.31,1601.75,55621.44,0.18
5,150.23,1605.12,57460.7,0.24
5,150.15,1608.49,59270.51,0.3
5,150.07,1611.87,61043.74,0.36
5,149.99,1615.26,62773.38,0.42
5,149.91,1618.65,64452.61,0.48
5,149.83,1622.04,66074.8,0.54
5,149.75,1625.45,67633.56,0.6
5,149.67,1628.85,69122.72,0.66
5,149.59,1632.27,70536.41,0.72
5,149.51,1635.68,71869.06,0.78
5,149.43,1639.11,73115.4,0.84
5,149.35,1642.54,74270.51,0.9
5,149.27,1645.97,75329.84,0.96
5,149.19,1649.42,76289.2,1.02
5,149.11,1652.86,77144.81,1.08
5,149.03,1656.32,77893.29,1.14
5,148.95,1659.78,78531.7,1.2
5,148.87,1663.24,79057.49,1.26
5,148.79,1666.71,79468.62,1.32
5,148.71,1670.19,79763.44,1.38
5,148.64,1673.67,79940.8,1.44
5,148.56,1677.16,80000.0,1.5
5,148.48,1680.65,79940.8,1.56
5,148.4,1684.15,79763.44,1.62
5,148.32,1687.65,79468.62,1.68
5,148.24,1691.16,79057.49,1.74
5,148.16,1694.68,78531.7,1.8
5,148.09,1698.2,77893.29,1.86
5,148.01,1701.73,77144.81,1.92
5,147.93,1705.27,76289.2,1.98
5,147.85,1708.8,75329.84,2.04
5,147.77,1712.35,74270.51,2.1
5,147.69,1715.9,73115.4,2.16
5,147.62,1719.46,71869.06,2.22
5,147.54,1723.02,70536.41,2.28
5,147.46,1726.59,69122.72,2.34
5,147.38,1730.17,67633.56,2.4
5,147.3,1733.75,66074.8,2.46
5,147.23,1737.33,64452.61,2.52
5,147.15,1740.93,62773.38,2.58
5,147.07,1744.52,61043.74,2.64
5,146.99,1748.13,59270.51,2.7
5,146.92,1751.74,57460.7,2.76
5,146.84,1755.35,55621.44,2.82
5,146.76,1758.98,53760.0,2.88
5,146.68,1762.6,51883.72,2.94
5,146.61,1766.24,50000.0,3.0
5,146.53,1769.88,48116.28,2.94
5,146.45,1773.52,46240.0,2.88
5,146.37,1777.17,44378.56,2.82
5,146.3,1780.83,42539.3,2.76
5,146.22,1784.5,40729.49,2.7
5,146.14,1788.16,38956.26,2.64
5,146.07,1791.84,37226.62,2.58
5,145.99,1795.52,35547.39,2.52
5,145.91,1799.21,33925.2,2.46
5,145.84,1802.9,32366.44,2.4
5,145.76,1806.6,30877.28,2.34
5,145.68,1810.31,29463.59,2.28
5,145.61,1814.02,28130.94,2.22
5,145.53,1817.73,26884.6,2.16
5,145.45,1821.46,25729.49,2.1
5,145.38,1825.19,24670.16,2.04
5,145.3,1828.92,23710.8,1.98
5,145.22,1832.66,22855.19,1.92
5,145.15,1836.41,22106.71,1.86
5,145.07,1840.16,21468.3,1.8
5,145.0,1843.92,20942.51,1.74
5,144.92,1847.69,20531.38,1.68
5,144.84,1851.46,20236.56,1.62
5,144.77,1855.24,20059.2,1.56
5,144.69,1859.02,20000.0,1.5
5,144.62,1862.81,20059.2,1.44
5,144.54,1866.6,20236.56,1.38
5,144.47,1870.41,20531.38,1.32
5,144.39,1874.21,20942.51,1.26
5,144.31,1878.03,21468.3,1.2
5,144.24,1881.85,22106.71,1.14
5,144.16,1885.67,22855.19,1.08
5,144.09,1889.5,23710.8,1.02
5,144.01,1893.34,24670.16,0.96
5,143.94,1897.19,25729.49,0.9
5,143.86,1901.04,26884.6,0.84
5,143.79,1904.89,28130.94,0.78
5,143.71,1908.76,29463.59,0.72
5,143.64,1912.62,30877.28,0.66
5,143.56,1916.5,32366.44,0.6
5,143.49,1920.38,33925.2,0.54
5,143.41,1924.27,35547.39,0.48
5,143.34,1928.16,37226.62,0.42
5,143.26,1932.06,38956.26,0.36
5,143.19,1935.96,40729.49,0.3
5,143.12,1939.88,42539.3,0.24
5,143.04,1943.79,44378.56,0.18
5,142.97,1947.72,46240.0,0.12
5,142.89,1951.65,48116.28,0.06
6,142.82,1955.58,50000.0,0.0
6,142.74,1959.53,51883.72,0.06
6,142.67,1963.48,53760.0,0.12
6,142.6,1967.43,55621.44,0.18
6,142.52,1971.39,57460.7,0.24
6,142.45,1975.36,59270.51,0.3
6,142.37,1979.33,61043.74,0.36
6,142.3,1983.31,62773.38,0.42
6,142.23,1987.3,64452.61,0.48
6,142.15,1991.29,66074.8,0.54
6,142.08,1995.29,67633.56,0.6
6,142.0,1999.29,69122.72,0.66
6,141.93,2003.31,70536.41,0.72
6,141.86,2007.32,71869.06,0.78
6,141.78,2011.35,73115.4,0.84
6,141.71,2015.38,74270.51,0.9
6,141.64,2019.41,75329.84,0.96
6,141.56,2023.45,76289.2,1.02
6,141.49,2027.5,77144.81,1.08
6,141.42,2031.56,77893.29,1.14
6,141.34,2035.62,78531.7,1.2
6,141.27,2039.69,79057.49,1.26
6,141.2,2043.76,79468.62,1.32
6,141.13,2047.84,79763.44,1.38
6,141.05,2051.93,79940.8,1.44
6,140.98,2056.02,80000.0,1.5
6,140.91,2060.12,79940.8,1.56
6,140.83,2064.22,79763.44,1.62
6,140.76,2068.34,79468.62,1.68
6,140.69,2072.45,79057.49,1.74
6,140.62,2076.58,78531.7,1.8
6,140.54,2080.71,77893.29,1.86
6,140.47,2084.85,77144.81,1.92
6,140.4,2088.99,76289.2,1.98
6,140.33,2093.14,75329.84,2.04
6,140.25,2097.29,74270.51,2.1
6,140.18,2101.46,73115.4,2.16
6,140.11,2105.63,71869.06,2.22
6,140.04,2109.8,70536.41,2.28
6,139.97,2113.98,69122.72,2.34
6,139.89,2118.17,67633.56,2.4
6,139.82,2122.37,66074.8,2.46
6,139.75,2126.57,64452.61,2.52
6,139.68,2130.77,62773.38,2.58
6,139.61,2134.99,61043.74,2.64
6,139.54,2139.21,59270.51,2.7
6,139.46,2143.43,57460.7,2.76
6,139.39,2147.67,55621.44,2.82
6,139.32,2151.91,53760.0,2.88
6,139.25,2156.15,51883.72,2.94
6,139.18,2160.41,50000.0,3.0
6,139.11,2164.66,48116.28,2.94
6,139.04,2168.93,46240.0,2.88
6,138.96,2173.2,44378.56,2.82
6,138.89,2177.48,42539.3,2.76
6,138.82,2181.76,40729.49,2.7
6,138.75,2186.05,38956.26,2.64
6,138.68,2190.35,37226.62,2.58
6,138.61,2194.66,35547.39,2.52
6,138.54,2198.97,33925.2,2.46
6,138.47,2203.28,32366.44,2.4
6,138.4,2207.61,30877.28,2.34
6,138.33,2211.94,29463.59,2.28
6,138.26,2216.27,28130.94,2.22
6,138.18,2220.62,26884.6,2.16
6,138.11,2224.97,25729.49,2.1
6,138.04,2229.32,24670.16,2.04
6,137.97,2233.69,23710.8,1.98
6,137.9,2238.05,22855.19,1.92
6,137.83,2242.43,22106.71,1.86
6,137.76,2246.81,21468.3,1.8
6,137.69,2251.2,20942.51,1.74
6,137.62,2255.6,20531.38,1.68
6,137.55,2260.0,20236.56,1.62
6,137.48,2264.41,20059.2,1.56
6,137.41,2268.82,20000.0,1.5
6,137.34,2273.24,20059.2,1.44
6,137.27,2277.67,20236.56,1.38
6,137.2,2282.11,20531.38,1.32
6,137.13,2286.55,20942.51,1.26
6,137.06,2291.0,21468.3,1.2
6,136.99,2295.45,22106.71,1.14
6,136.92,2299.91,22855.19,1.08
6,136.85,2304.38,23710.8,1.02
6,136.79,2308.85,24670.16,0.96
6,136.72,2313.34,25729.49,0.9
6,136.65,2317.82,26884.6,0.84
6,136.58,2322.32,28130.94,0.78
6,136.51,2326.82,29463.59,0.72
6,136.44,2331.33,30877.28,0.66
6,136.37,2335.84,32366.44,0.6
6,136.3,2340.36,33925.2,0.54
6,136.23,2344.89,35547.39,0.48
6,136.16,2349.42,37226.62,0.42
6,136.09,2353.96,38956.26,0.36
6,136.02,2358.51,40729.49,0.3
6,135.96,2363.07,42539.3,0.24
6,135.89,2367.63,44378.56,0.18
6,135.82,2372.19,46240.0,0.12
6,135.75,2376.77,48116.28,0.06
7,135.68,2381.35,50000.0,0.0
7,135.61,2385.94,51883.72,0.06
7,135.54,2390.53,53760.0,0.12
7,135.48,2395.13,55621.44,0.18
7,135.41,2399.74,57460.7,0.24
7,135.34,2404.35,59270.51,0.3
7,135.27,2408.98,61043.74,0.36
7,135.2,2413.6,62773.38,0.42
7,135.13,2418.24,64452.61,0.48
7,135.07,2422.88,66074.8,0.54
7,135.0,2427.53,67633.56,0.6
7,134.93,2432.18,69122.72,0.66
7,134.86,2436.84,70536.41,0.72
7,134.79,2441.51,71869.06,0.78
7,134.73,2446.19,73115.4,0.84
7,134.66,2450.87,74270.51,0.9
7,134.59,2455.56,75329.84,0.96
7,134.52,2460.25,76289.2,1.02
7,134.46,2464.95,77144.81,1.08
7,134.39,2469.66,77893.29,1.14
7,134.32,2474.38,78531.7,1.2
7,134.25,2479.1,79057.49,1.26
7,134.19,2483.83,79468.62,1.32
7,134.12,2488.57,79763.44,1.38
7,134.05,2493.31,79940.8,1.44
7,133.98,2498.06,80000.0,1.5
7,133.92,2502.82,79940.8,1.56
7,133.85,2507.58,79763.44,1.62
7,133.78,2512.35,79468.62,1.68
7,133.72,2517.13,79057.49,1.74
7,133.65,2521.91,78531.7,1.8
7,133.58,2526.7,77893.29,1.86
7,133.52,2531.5,77144.81,1.92
7,133.45,2536.3,76289.2,1.98
7,133.38,2541.11,75329.84,2.04
7,133.32,2545.93,74270.51,2.1
7,133.25,2550.76,73115.4,2.16
7,133.18,2555.59,71869.06,2.22
7,133.12,2560.43,70536.41,2.28
7,133.05,2565.27,69122.72,2.34
7,132.98,2570.12,67633.56,2.4
7,132.92,2574.98,66074.8,2.46
7,132.85,2579.85,64452.61,2.52
7,132.78,2584.72,62773.38,2.58
7,132.72,2589.6,61043.74,2.64
7,132.65,2594.49,59270.51,2.7
7,132.59,2599.38,57460.7,2.76
7,132.52,2604.28,55621.44,2.82
7,132.45,2609.19,53760.0,2.88
7,132.39,2614.1,51883.72,2.94
7,132.32,2619.03,50000.0,3.0
7,132.26,2623.95,48116.28,2.94
7,132.19,2628.89,46240.0,2.88
7,132.12,2633.83,44378.56,2.82
7,132.06,2638.78,42539.3,2.76
7,131.99,2643.74,40729.49,2.7
7,131.93,2648.7,38956.26,2.64
7,131.86,2653.67,37226.62,2.58
7,131.8,2658.65,35547.39,2.52
7,131.73,2663.63,33925.2,2.46
7,131.67,2668.62,32366.44,2.4
7,131.6,2673.62,30877.28,2.34
7,131.54,2678.62,29463.59,2.28
7,131.47,2683.63,28130.94,2.22
7,131.4,2688.65,26884.6,2.16
7,131.34,2693.68,25729.49,2.1
7,131.27,2698.71,24670.16,2.04
7,131.21,2703.75,23710.8,1.98
7,131.14,2708.8,22855.19,1.92
7,131.08,2713.85,22106.71,1.86
7,131.02,2718.91,21468.3,1.8
7,130.95,2723.98,20942.51,1.74
7,130.89,2729.05,20531.38,1.68
7,130.82,2734.13,20236.56,1.62
7,130.76,2739.22,20059.2,1.56
7,130.69,2744.32,20000.0,1.5
7,130.63,2749.42,20059.2,1.44
7,130.56,2754.53,20236.56,1.38
7,130.5,2759.65,20531.38,1.32
7,130.43,2764.77,20942.51,1.26
7,130.37,2769.9,21468.3,1.2
7,130.31,2775.04,22106.71,1.14
7,130.24,2780.18,22855.19,1.08
7,130.18,2785.33,23710.8,1.02
7,130.11,2790.49,24670.16,0.96
7,130.05,2795.66,25729.49,0.9
7,129.98,2800.83,26884.6,0.84
7,129.92,2806.01,28130.94,0.78
7,129.86,2811.2,29463.59,0.72
7,129.79,2816.39,30877.28,0.66
7,129.73,2821.6,32366.44,0.6
7,129.67,2826.8,33925.2,0.54
7,129.6,2832.02,35547.39,0.48
7,129.54,2837.24,37226.62,0.42
7,129.47,2842.47,38956.26,0.36
7,129.41,2847.71,40729.49,0.3
7,129.35,2852.95,42539.3,0.24
7,129.28,2858.2,44378.56,0.18
7,129.22,2863.46,46240.0,0.12
7,129.16,2868.73,48116.28,0.06
8,129.09,2874.0,50000.0,0.0
8,129.03,2879.28,51883.72,0.06
8,128.97,2884.57,53760.0,0.12
8,128.9,2889.86,55621.44,0.18
8,128.84,2895.16,57460.7,0.24
8,128.78,2900.47,59270.51,0.3
8,128.72,2905.78,61043.74,0.36
8,128.65,2911.11,62773.38,0.42
8,128.59,2916.43,64452.61,0.48
8,128.53,2921.77,66074.8,0.54
8,128.46,2927.12,67633.56,0.6
8,128.4,2932.47,69122.72,0.66
8,128.34,2937.82,70536.41,0.72
8,128.28,2943.19,71869.06,0.78
8,128.21,2948.56,73115.4,0.84
8,128.15,2953.94,74270.51,0.9
8,128.09,2959.33,75329.84,0.96
8,128.03,2964.72,76289.2,1.02
8,127.96,2970.12,77144.81,1.08
8,127.9,2975.53,77893.29,1.14
8,127.84,2980.95,78531.7,1.2
8,127.78,2986.37,79057.49,1.26
8,127.71,2991.8,79468.62,1.32
8,127.65,2997.24,79763.44,1.38
8,127.59,3002.68,79940.8,1.44
8,127.53,3008.13,80000.0,1.5
8,127.47,3013.59,79940.8,1.56
8,127.4,3019.06,79763.44,1.62
8,127.34,3024.53,79468.62,1.68
8,127.28,3030.01,79057.49,1.74
8,127.22,3035.5,78531.7,1.8
8,127.16,3040.99,77893.29,1.86
8,127.09,3046.5,77144.81,1.92
8,127.03,3052.01,76289.2,1.98
8,126.97,3057.52,75329.84,2.04
8,126.91,3063.05,74270.51,2.1
8,126.85,3068.58,73115.4,2.16
8,126.79,3074.12,71869.06,2.22
8,126.73,3079.66,70536.41,2.28
8,126.66,3085.22,69122.72,2.34
8,126.6,3090.78,67633.56,2.4
8,126.54,3096.34,66074.8,2.46
8,126.48,3101.92,64452.61,2.52
8,126.42,3107.5,62773.38,2.58
8,126.36,3113.09,61043.74,2.64
8,126.3,3118.69,59270.51,2.7
8,126.24,3124.29,57460.7,2.76
8,126.18,3129.9,55621.44,2.82
8,126.11,3135.52,53760.0,2.88
8,126.05,3141.15,51883.72,2.94
8,125.99,3146.78,50000.0,3.0
8,125.93,3152.42,48116.28,2.94
8,125.87,3158.07,46240.0,2.88
8,125.81,3163.72,44378.56,2.82
8,125.75,3169.38,42539.3,2.76
8,125.69,3175.05,40729.49,2.7
8,125.63,3180.73,38956.26,2.64
8,125.57,3186.41,37226.62,2.58
8,125.51,3192.11,35547.39,2.52
8,125.45,3197.81,33925.2,2.46
8,125.39,3203.51,32366.44,2.4
8,125.33,3209.23,30877.28,2.34
8,125.27,3214.95,29463.59,2.28
8,125.21,3220.67,28130.94,2.22
8,125.15,3226.41,26884.6,2.16
8,125.09,3232.15,25729.49,2.1
8,125.03,3237.9,24670.16,2.04
8,124.97,3243.66,23710.8,1.98
8,124.91,3249.43,22855.19,1.92
8,124.85,3255.2,22106.71,1.86
8,124.79,3260.98,21468.3,1.8
8,124.73,3266.77,20942.51,1.74
8,124.67,3272.56,20531.38,1.68
8,124.61,3278.36,20236.56,1.62
8,124.55,3284.17,20059.2,1.56
8,124.49,3289.99,20000.0,1.5
8,124.43,3295.81,20059.2,1.44
8,124.37,3301.64,20236.56,1.38
8,124.31,3307.48,20531.38,1.32
8,124.25,3313.33,20942.51,1.26
8,124.19,3319.18,21468.3,1.2
8,124.13,3325.04,22106.71,1.14
8,124.07,3330.91,22855.19,1.08
8,124.01,3336.79,23710.8,1.02
8,123.95,3342.67,24670.16,0.96
8,123.89,3348.56,25729.49,0.9
8,123.84,3354.46,26884.6,0.84
8,123.78,3360.37,28130.94,0.78
8,123.72,3366.28,29463.59,0.72
8,123.66,3372.2,30877.28,0.66
8,123.6,3378.13,32366.44,0.6
8,123.54,3384.06,33925.2,0.54
8,123.48,3390.0,35547.39,0.48
8,123.42,3395.95,37226.62,0.42
8,123.36,3401.91,38956.26,0.36
8,123.31,3407.88,40729.49,0.3
8,123.25,3413.85,42539.3,0.24
8,123.19,3419.83,44378.56,0.18
8,123.13,3425.82,46240.0,0.12
8,123.07,3431.81,48116.28,0.06
9,123.01,3437.81,50000.0,0.0
9,122.95,3443.82,51883.72,0.06
9,122.9,3449.84,53760.0,0.12
9,122.84,3455.86,55621.44,0.18
9,122.78,3461.9,57460.7,0.24
9,122.72,3467.94,59270.51,0.3
9,122.66,3473.98,61043.74,0.36
9,122.61,3480.04,62773.38,0.42
9,122.55,3486.1,64452.61,0.48
9,122.49,3492.17,66074.8,0.54
9,122.43,3498.25,67633.56,0.6
9,122.37,3504.33,69122.72,0.66
9,122.32,3510.42,70536.41,0.72
9,122.26,3516.52,71869.06,0.78
9,122.2,3522.63,73115.4,0.84
9,122.14,3528.74,74270.51,0.9
9,122.08,3534.87,75329.84,0.96
9,122.03,3540.99,76289.2,1.02
9,121.97,3547.13,77144.81,1.08
9,121.91,3553.28,77893.29,1.14
9,121.85,3559.43,78531.7,1.2
9,121.8,3565.59,79057.49,1.26
9,121.74,3571.75,79468.62,1.32
9,121.68,3577.93,79763.44,1.38
9,121.62,3584.11,79940.8,1.44
9,121.57,3590.3,80000.0,1.5
9,121.51,3596.5,79940.8,1.56
9,121.45,3602.7,79763.44,1.62
9,121.4,3608.91,79468.62,1.68
9,121.34,3615.13,79057.49,1.74
9,121.28,3621.36,78531.7,1.8
9,121.22,3627.6,77893.29,1.86
9,121.17,3633.84,77144.81,1.92
9,121.11,3640.09,76289.2,1.98
9,121.05,3646.34,75329.84,2.04
9,121.0,3652.61,74270.51,2.1
9,120.94,3658.88,73115.4,2.16
9,120.88,3665.16,71869.06,2.22
9,120.83,3671.45,70536.41,2.28
9,120.77,3677.74,69122.72,2.34
9,120.71,3684.05,67633.56,2.4
9,120.66,3690.36,66074.8,2.46
9,120.6,3696.68,64452.61,2.52
9,120.54,3703.0,62773.38,2.58
9,120.49,3709.33,61043.74,2.64
9,120.43,3715.67,59270.51,2.7
9,120.37,3722.02,57460.7,2.76
9,120.32,3728.38,55621.44,2.82
9,120.26,3734.74,53760.0,2.88
9,120.21,3741.11,51883.72,2.94
9,120.15,3747.49,50000.0,3.0
9,120.09,3753.88,48116.28,2.94
9,120.04,3760.27,46240.0,2.88
9,119.98,3766.67,44378.56,2.82
9,119.93,3773.08,42539.3,2.76
9,119.87,3779.5,40729.49,2.7
9,119.81,3785.92,38956.26,2.64
9,119.76,3792.35,37226.62,2.58
9,119.7,3798.79,35547.39,2.52
9,119.65,3805.24,33925.2,2.46
9,119.59,3811.69,32366.44,2.4
9,119.54,3818.15,30877.28,2.34
9,119.48,3824.62,29463.59,2.28
9,119.42,3831.1,28130.94,2.22
9,119.37,3837.58,26884.6,2.16
9,119.31,3844.08,25729.49,2.1
9,119.26,3850.58,24670.16,2.04
9,119.2,3857.08,23710.8,1.98
9,119.15,3863.6,22855.19,1.92
9,119.09,3870.12,22106.71,1.86
9,119.04,3876.65,21468.3,1.8
9,118.98,3883.19,20942.51,1.74
9,118.93,3889.74,20531.38,1.68
9,118.87,3896.29,20236.56,1.62
9,118.82,3902.85,20059.2,1.56
9,118.76,3909.42,20000.0,1.5
9,118.71,3916.0,20059.2,1.44
9,118.65,3922.58,20236.56,1.38
9,118.6,3929.17,20531.38,1.32
9,118.54,3935.77,20942.51,1.26
9,118.49,3942.38,21468.3,1.2
9,118.43,3948.99,22106.71,1.14
9,118.38,3955.61,22855.19,1.08
9,118.32,3962.24,23710.8,1.02
9,118.27,3968.88,24670.16,0.96
9,118.21,3975.53,25729.49,0.9
9,118.16,3982.18,26884.6,0.84
9,118.1,3988.84,28130.94,0.78
9,118.05,3995.51,29463.59,0.72
9,118.0,4002.18,30877.28,0.66
9,117.94,4008.87,32366.44,0.6
9,117.89,4015.56,33925.2,0.54
9,117.83,4022.26,35547.39,0.48
9,117.78,4028.96,37226.62,0.42
9,117.72,4035.68,38956.26,0.36
9,117.67,4042.4,40729.49,0.3
9,117.62,4049.13,42539.3,0.24
9,117.56,4055.86,44378.56,0.18
9,117.51,4062.61,46240.0,0.12
9,117.45,4069.36,48116.28,0.06
10,117.4,4076.12,50000.0,0.0
10,117.35,4082.89,51883.72,0.06
10,117.29,4089.66,53760.0,0.12
10,117.24,4096.45,55621.44,0.18
10,117.18,4103.24,57460.7,0.24
10,117.13,4110.04,59270.51,0.3
10,117.08,4116.84,61043.74,0.36
10,117.02,4123.66,62773.38,0.42
10,116.97,4130.48,64452.61,0.48
10,116.92,4137.31,66074.8,0.54
10,116.86,4144.15,67633.56,0.6
10,116.81,4150.99,69122.72,0.66
10,116.76,4157.84,70536.41,0.72
10,116.7,4164.7,71869.06,0.78
10,116.65,4171.57,73115.4,0.84
10,116.6,4178.45,74270.51,0.9
10,116.54,4185.33,75329.84,0.96
10,116.49,4192.22,76289.2,1.02
10,116.44,4199.12,77144.81,1.08
10,116.38,4206.02,77893.29,1.14
10,116.33,4212.94,78531.7,1.2
10,116.28,4219.86,79057.49,1.26
10,116.22,4226.79,79468.62,1.32
10,116.17,4233.73,79763.44,1.38
10,116.12,4240.67,79940.8,1.44
10,116.06,4247.62,80000.0,1.5
10,116.01,4254.58,79940.8,1.56
10,115.96,4261.55,79763.44,1.62
10,115.91,4268.53,79468.62,1.68
10,115.85,4275.51,79057.49,1.74
10,115.8,4282.5,78531.7,1.8
10,115.75,4289.5,77893.29,1.86
10,115.7,4296.51,77144.81,1.92
10,115.64,4303.52,76289.2,1.98
10,115.59,4310.54,75329.84,2.04
10,115.54,4317.57,74270.51,2.1
10,115.49,4324.61,73115.4,2.16
10,115.43,4331.66,71869.06,2.22
10,115.38,4338.71,70536.41,2.28
10,115.33,4345.77,69122.72,2.34
10,115.28,4352.84,67633.56,2.4
10,115.22,4359.91,66074.8,2.46
10,115.17,4367.0,64452.61,2.52
10,115.12,4374.09,62773.38,2.58
10,115.07,4381.19,61043.74,2.64
10,115.02,4388.3,59270.51,2.7
10,114.96,4395.41,57460.7,2.76
10,114.91,4402.53,55621.44,2.82
10,114.86,4409.66,53760.0,2.88
10,114.81,4416.8,51883.72,2.94
10,114.76,4423.95,50000.0,3.0
10,114.7,4431.1,48116.28,2.94
10,114.65,4438.26,46240.0,2.88
10,114.6,4445.43,44378.56,2.82
10,114.55,4452.61,42539.3,2.76
10,114.5,4459.79,40729.49,2.7
10,114.45,4466.99,38956.26,2.64
10,114.39,4474.19,37226.62,2.58
10,114.34,4481.39,35547.39,2.52
10,114.29,4488.61,33925.2,2.46
10,114.24,4495.83,32366.44,2.4
10,114.19,4503.06,30877.28,2.34
10,114.14,4510.3,29463.59,2.28
10,114.09,4517.55,28130.94,2.22
10,114.04,4524.8,26884.6,2.16
10,113.98,4532.07,25729.49,2.1
10,113.93,4539.34,24670.16,2.04
10,113.88,4546.61,23710.8,1.98
10,113.83,4553.9,22855.19,1.92
10,113.78,4561.19,22106.71,1.86
10,113.73,4568.49,21468.3,1.8
10,113.68,4575.8,20942.51,1.74
10,113.63,4583.12,20531.38,1.68
10,113.58,4590.44,20236.56,1.62
10,113.53,4597.77,20059.2,1.56
10,113.47,4605.11,20000.0,1.5
10,113.42,4612.46,20059.2,1.44
10,113.37,4619.82,20236.56,1.38
10,113.32,4627.18,20531.38,1.32
10,113.27,4634.55,20942.51,1.26
10,113.22,4641.93,21468.3,1.2
10,113.17,4649.31,22106.71,1.14
10,113.12,4656.71,22855.19,1.08
10,113.07,4664.11,23710.8,1.02
10,113.02,4671.52,24670.16,0.96
10,112.97,4678.94,25729.49,0.9
10,112.92,4686.36,26884.6,0.84
10,112.87,4693.8,28130.94,0.78
10,112.82,4701.24,29463.59,0.72
10,112.77,4708.68,30877.28,0.66
10,112.72,4716.14,32366.44,0.6
10,112.67,4723.6,33925.2,0.54
10,112.62,4731.08,35547.39,0.48
10,112.57,4738.56,37226.62,0.42
10,112.52,4746.04,38956.26,0.36
10,112.47,4753.54,40729.49,0.3
10,112.42,4761.04,42539.3,0.24
10,112.37,4768.55,44378.56,0.18
10,112.32,4776.07,46240.0,0.12
10,112.27,4783.6,48116.28,0.06
11,112.22,4791.13,50000.0,0.0
11,112.17,4798.67,51883.72,0.06
11,112.12,4806.22,53760.0,0.12
11,112.07,4813.78,55621.44,0.18
11,112.02,4821.34,57460.7,0.24
11,111.97,4828.92,59270.51,0.3
11,111.92,4836.5,61043.74,0.36
11,111.87,4844.09,62773.38,0.42
11,111.82,4851.68,64452.61,0.48
11,111.77,4859.29,66074.8,0.54
11,111.72,4866.9,67633.56,0.6
11,111.67,4874.52,69122.72,0.66
11,111.62,4882.14,70536.41,0.72
11,111.57,4889.78,71869.06,0.78
11,111.52,4897.42,73115.4,0.84
11,111.48,4905.07,74270.51,0.9
11,111.43,4912.73,75329.84,0.96
11,111.38,4920.4,76289.2,1.02
11,111.33,4928.07,77144.81,1.08
11,111.28,4935.75,77893.29,1.14
11,111.23,4943.44,78531.7,1.2
11,111.18,4951.14,79057.49,1.26
11,111.13,4958.85,79468.62,1.32
11,111.08,4966.56,79763.44,1.38
11,111.03,4974.28,79940.8,1.44
11,110.99,4982.01,80000.0,1.5
11,110.94,4989.74,79940.8,1.56
11,110.89,4997.49,79763.44,1.62
11,110.84,5005.24,79468.62,1.68
11,110.79,5013.0,79057.49,1.74
11,110.74,5020.77,78531.7,1.8
11,110.69,5028.54,77893.29,1.86
11,110.64,5036.32,77144.81,1.92
11,110.6,5044.11,76289.2,1.98
11,110.55,5051.91,75329.84,2.04
11,110.5,5059.72,74270.51,2.1
11,110.45,5067.53,73115.4,2.16
11,110.4,5075.36,71869.06,2.22
11,110.35,5083.18,70536.41,2.28
11,110.31,5091.02,69122.72,2.34
11,110.26,5098.87,67633.56,2.4
11,110.21,5106.72,66074.8,2.46
11,110.16,5114.58,64452.61,2.52
11,110.11,5122.45,62773.38,2.58
11,110.07,5130.33,61043.74,2.64
11,110.02,5138.21,59270.51,2.7
11,109.97,5146.1,57460.7,2.76
11,109.92,5154.0,55621.44,2.82
11,109.87,5161.91,53760.0,2.88
11,109.83,5169.82,51883.72,2.94
11,109.78,5177.75,50000.0,3.0
11,109.73,5185.68,48116.28,2.94
11,109.68,5193.61,46240.0,2.88
11,109.63,5201.56,44378.56,2.82
11,109.59,5209.51,42539.3,2.76
11,109.54,5217.48,40729.49,2.7
11,109.49,5225.45,38956.26,2.64
11,109.44,5233.42,37226.62,2.58
11,109.4,5241.41,35547.39,2.52
11,109.35,5249.4,33925.2,2.46
11,109.3,5257.4,32366.44,2.4
11,109.25,5265.41,30877.28,2.34
11,109.21,5273.43,29463.59,2.28
11,109.16,5281.45,28130.94,2.22
11,109.11,5289.48,26884.6,2.16
11,109.06,5297.52,25729.49,2.1
11,109.02,5305.57,24670.16,2.04
11,108.97,5313.62,23710.8,1.98
11,108.92,5321.69,22855.19,1.92
11,108.88,5329.76,22106.71,1.86
11,108.83,5337.83,21468.3,1.8
11,108.78,5345.92,20942.51,1.74
11,108.73,5354.01,20531.38,1.68
11,108.69,5362.12,20236.56,1.62
11,108.64,5370.23,20059.2,1.56
11,108.59,5378.34,20000.0,1.5
11,108.55,5386.47,20059.2,1.44
11,108.5,5394.6,20236.56,1.38
11,108.45,5402.74,20531.38,1.32
11,108.41,5410.89,20942.51,1.26
11,108.36,5419.04,21468.3,1.2
11,108.31,5427.21,22106.71,1.14
11,108.27,5435.38,22855.19,1.08
11,108.22,5443.56,23710.8,1.02
11,108.17,5451.74,24670.16,0.96
11,108.13,5459.94,25729.49,0.9
11,108.08,5468.14,26884.6,0.84
11,108.03,5476.35,28130.94,0.78
11,107.99,5484.57,29463.59,0.72
11,107.94,5492.8,30877.28,0.66
11,107.9,5501.03,32366.44,0.6
11,107.85,5509.27,33925.2,0.54
11,107.8,5517.52,35547.39,0.48
11,107.76,5525.78,37226.62,0.42
11,107.71,5534.04,38956.26,0.36
11,107.66,5542.31,40729.49,0.3
11,107.62,5550.59,42539.3,0.24
11,107.57,5558.88,44378.56,0.18
11,107.53,5567.17,46240.0,0.12
11,107.48,5575.48,48116.28,0.06
12,107.43,5583.79,50000.0,0.0
12,107.39,5592.11,51883.72,0.06
12,107.34,5600.43,53760.0,0.12
12,107.3,5608.77,55621.44,0.18
12,107.25,5617.11,57460.7,0.24
12,107.2,5625.46,59270.51,0.3
12,107.16,5633.82,61043.74,0.36
12,107.11,5642.18,62773.38,0.42
12,107.07,5650.55,64452.61,0.48
12,107.02,5658.93,66074.8,0.54
12,106.98,5667.32,67633.56,0.6
12,106.93,5675.72,69122.72,0.66
12,106.89,5684.12,70536.41,0.72
12,106.84,5692.53,71869.06,0.78
12,106.79,5700.95,73115.4,0.84
12,106.75,5709.38,74270.51,0.9
12,106.7,5717.81,75329.84,0.96
12,106.66,5726.25,76289.2,1.02
12,106.61,5734.7,77144.81,1.08
12,106.57,5743.16,77893.29,1.14
12,106.52,5751.63,78531.7,1.2
12,106.48,5760.1,79057.49,1.26
12,106.43,5768.58,79468.62,1.32
12,106.39,5777.07,79763.44,1.38
12,106.34,5785.57,79940.8,1.44
12,106.3,5794.07,80000.0,1.5
12,106.25,5802.58,79940.8,1.56
12,106.21,5811.1,79763.44,1.62
12,106.16,5819.63,79468.62,1.68
12,106.12,5828.16,79057.49,1.74
12,106.07,5836.7,78531.7,1.8
12,106.03,5845.25,77893.29,1.86
12,105.98,5853.81,77144.81,1.92
12,105.94,5862.38,76289.2,1.98
12,105.89,5870.95,75329.84,2.04
12,105.85,5879.53,74270.51,2.1
12,105.8,5888.12,73115.4,2.16
12,105.76,5896.72,71869.06,2.22
12,105.71,5905.32,70536.41,2.28
12,105.67,5913.93,69122.72,2.34
12,105.63,5922.55,67633.56,2.4
12,105.58,5931.18,66074.8,2.46
12,105.54,5939.81,64452.61,2.52
12,105.49,5948.45,62773.38,2.58
12,105.45,5957.1,61043.74,2.64
12,105.4,5965.76,59270.51,2.7
12,105.36,5974.43,57460.7,2.76
12,105.31,5983.1,55621.44,2.82
12,105.27,5991.78,53760.0,2.88
12,105.23,6000.47,51883.72,2.94
12,105.18,6009.17,50000.0,3.0
12,105.14,6017.87,48116.28,2.94
12,105.09,6026.58,46240.0,2.88
12,105.05,6035.3,44378.56,2.82
12,105.01,6044.03,42539.3,2.76
12,104.96,6052.76,40729.49,2.7
12,104.92,6061.5,38956.26,2.64
12,104.87,6070.25,37226.62,2.58
12,104.83,6079.01,35547.39,2.52
12,104.79,6087.77,33925.2,2.46
12,104.74,6096.55,32366.44,2.4
12,104.7,6105.33,30877.28,2.34
12,104.65,6114.12,29463.59,2.28
12,104.61,6122.91,28130.94,2.22
12,104.57,6131.71,26884.6,2.16
12,104.52,6140.53,25729.49,2.1
12,104.48,6149.34,24670.16,2.04
12,104.44,6158.17,23710.8,1.98
12,104.39,6167.0,22855.19,1.92
12,104.35,6175.84,22106.71,1.86
12,104.31,6184.69,21468.3,1.8
12,104.26,6193.55,20942.51,1.74
12,104.22,6202.41,20531.38,1.68
12,104.18,6211.29,20236.56,1.62
12,104.13,6220.17,20059.2,1.56
12,104.09,6229.05,20000.0,1.5
12,104.05,6237.95,20059.2,1.44
12,104.0,6246.85,20236.56,1.38
12,103.96,6255.76,20531.38,1.32
12,103.92,6264.68,20942.51,1.26
12,103.87,6273.6,21468.3,1.2
12,103.83,6282.54,22106.71,1.14
12,103.79,6291.48,22855.19,1.08
12,103.74,6300.42,23710.8,1.02
12,103.7,6309.38,24670.16,0.96
12,103.66,6318.34,25729.49,0.9
12,103.62,6327.31,26884.6,0.84
12,103.57,6336.29,28130.94,0.78
12,103.53,6345.28,29463.59,0.72
12,103.49,6354.27,30877.28,0.66
12,103.44,6363.27,32366.44,0.6
12,103.4,6372.28,33925.2,0.54
12,103.36,6381.3,35547.39,0.48
12,103.32,6390.32,37226.62,0.42
12,103.27,6399.35,38956.26,0.36
12,103.23,6408.39,40729.49,0.3
12,103.19,6417.44,42539.3,0.24
12,103.15,6426.49,44378.56,0.18
12,103.1,6435.55,46240.0,0.12
12,103.06,6444.62,48116.28,0.06
13,103.02,6453.7,50000.0,0.0
13,102.98,6462.79,51883.72,0.06
13,102.93,6471.88,53760.0,0.12
13,102.89,6480.98,55621.44,0.18
13,102.85,6490.08,57460.7,0.24
13,102.81,6499.2,59270.51,0.3
13,102.76,6508.32,61043.74,0.36
13,102.72,6517.45,62773.38,0.42
13,102.68,6526.59,64452.61,0.48
13,102.64,6535.73,66074.8,0.54
13,102.6,6544.88,67633.56,0.6
13,102.55,6554.04,69122.72,0.66
13,102.51,6563.21,70536.41,0.72
13,102.47,6572.39,71869.06,0.78
13,102.43,6581.57,73115.4,0.84
13,102.39,6590.76,74270.51,0.9
13,102.34,6599.96,75329.84,0.96
13,102.3,6609.16,76289.2,1.02
13,102.26,6618.37,77144.81,1.08
13,102.22,6627.59,77893.29,1.14
13,102.18,6636.82,78531.7,1.2
13,102.13,6646.06,79057.49,1.26
13,102.09,6655.3,79468.62,1.32
13,102.05,6664.55,79763.44,1.38
13,102.01,6673.81,79940.8,1.44
13,101.97,6683.07,80000.0,1.5
13,101.93,6692.35,79940.8,1.56
13,101.89,6701.63,79763.44,1.62
13,101.84,6710.91,79468.62,1.68
13,101.8,6720.21,79057.49,1.74
13,101.76,6729.51,78531.7,1.8
13,101.72,6738.82,77893.29,1.86
13,101.68,6748.14,77144.81,1.92
13,101.64,6757.46,76289.2,1.98
13,101.6,6766.8,75329.84,2.04
13,101.55,6776.14,74270.51,2.1
13,101.51,6785.48,73115.4,2.16
13,101.47,6794.84,71869.06,2.22
13,101.43,6804.2,70536.41,2.28
13,101.39,6813.57,69122.72,2.34
13,101.35,6822.95,67633.56,2.4
13,101.31,6832.33,66074.8,2.46
13,101.27,6841.72,64452.61,2.52
13,101.23,6851.12,62773.38,2.58
13,101.18,6860.53,61043.74,2.64
13,101.14,6869.95,59270.51,2.7
13,101.1,6879.37,57460.7,2.76
13,101.06,6888.8,55621.44,2.82
13,101.02,6898.23,53760.0,2.88
13,100.98,6907.68,51883.72,2.94
13,100.94,6917.13,50000.0,3.0
13,100.9,6926.59,48116.28,2.94
13,100.86,6936.05,46240.0,2.88
13,100.82,6945.53,44378.56,2.82
13,100.78,6955.01,42539.3,2.76
13,100.74,6964.5,40729.49,2.7
13,100.7,6973.99,38956.26,2.64
13,100.65,6983.5,37226.62,2.58
13,100.61,6993.01,35547.39,2.52
13,100.57,7002.53,33925.2,2.46
13,100.53,7012.05,32366.44,2.4
13,100.49,7021.59,30877.28,2.34
13,100.45,7031.13,29463.59,2.28
13,100.41,7040.67,28130.94,2.22
13,100.37,7050.23,26884.6,2.16
13,100.33,7059.79,25729.49,2.1
13,100.29,7069.36,24670.16,2.04
13,100.25,7078.94,23710.8,1.98
13,100.21,7088.52,22855.19,1.92
13,100.17,7098.12,22106.71,1.86
13,100.13,7107.71,21468.3,1.8
13,100.09,7117.32,20942.51,1.74
13,100.05,7126.94,20531.38,1.68
13,100.01,7136.56,20236.56,1.62
13,99.97,7146.19,20059.2,1.56
13,99.93,7155.82,20000.0,1.5
13,99.89,7165.47,20059.2,1.44
13,99.85,7175.12,20236.56,1.38
13,99.81,7184.77,20531.38,1.32
13,99.77,7194.44,20942.51,1.26
13,99.73,7204.11,21468.3,1.2
13,99.69,7213.79,22106.71,1.14
13,99.65,7223.48,22855.19,1.08
13,99.61,7233.18,23710.8,1.02
13,99.57,7242.88,24670.16,0.96
13,99.53,7252.59,25729.49,0.9
13,99.49,7262.3,26884.6,0.84
13,99.45,7272.03,28130.94,0.78
13,99.41,7281.76,29463.59,0.72
13,99.37,7291.5,30877.28,0.66
13,99.34,7301.24,32366.44,0.6
13,99.3,7311.0,33925.2,0.54
13,99.26,7320.76,35547.39,0.48
13,99.22,7330.52,37226.62,0.42
13,99.18,7340.3,38956.26,0.36
13,99.14,7350.08,40729.49,0.3
13,99.1,7359.87,42539.3,0.24
13,99.06,7369.67,44378.56,0.18
13,99.02,7379.47,46240.0,0.12
13,98.98,7389.28,48116.28,0.06
14,98.94,7399.1,50000.0,0.0
14,98.9,7408.93,51883.72,0.06
14,98.86,7418.76,53760.0,0.12
14,98.82,7428.6,55621.44,0.18
14,98.79,7438.45,57460.7,0.24
14,98.75,7448.3,59270.51,0.3
14,98.71,7458.17,61043.74,0.36
14,98.67,7468.03,62773.38,0.42
14,98.63,7477.91,64452.61,0.48
14,98.59,7487.79,66074.8,0.54
14,98.55,7497.69,67633.56,0.6
14,98.51,7507.58,69122.72,0.66
14,98.47,7517.49,70536.41,0.72
14,98.44,7527.4,71869.06,0.78
14,98.4,7537.32,73115.4,0.84
14,98.36,7547.25,74270.51,0.9
14,98.32,7557.18,75329.84,0.96
14,98.28,7567.12,76289.2,1.02
14,98.24,7577.07,77144.81,1.08
14,98.2,7587.03,77893.29,1.14
14,98.17,7596.99,78531.7,1.2
14,98.13,7606.96,79057.49,1.26
14,98.09,7616.94,79468.62,1.32
14,98.05,7626.92,79763.44,1.38
14,98.01,7636.91,79940.8,1.44
14,97.97,7646.91,80000.0,1.5
14,97.93,7656.92,79940.8,1.56
14,97.9,7666.93,79763.44,1.62
14,97.86,7676.95,79468.62,1.68
14,97.82,7686.98,79057.49,1.74
14,97.78,7697.01,78531.7,1.8
14,97.74,7707.05,77893.29,1.86
14,97.7,7717.1,77144.81,1.92
14,97.67,7727.16,76289.2,1.98
14,97.63,7737.22,75329.84,2.04
14,97.59,7747.29,74270.51,2.1
14,97.55,7757.37,73115.4,2.16
14,97.51,7767.45,71869.06,2.22
14,97.48,7777.54,70536.41,2.28
14,97.44,7787.64,69122.72,2.34
14,97.4,7797.75,67633.56,2.4
14,97.36,7807.86,66074.8,2.46
14,97.32,7817.98,64452.61,2.52
14,97.29,7828.1,62773.38,2.58
14,97.25,7838.24,61043.74,2.64
14,97.21,7848.38,59270.51,2.7
14,97.17,7858.53,57460.7,2.76
14,97.14,7868.68,55621.44,2.82
14,97.1,7878.84,53760.0,2.88
14,97.06,7889.01,51883.72,2.94
14,97.02,7899.19,50000.0,3.0
14,96.99,7909.37,48116.28,2.94
14,96.95,7919.56,46240.0,2.88
14,96.91,7929.76,44378.56,2.82
14,96.87,7939.96,42539.3,2.76
14,96.84,7950.17,40729.49,2.7
14,96.8,7960.39,38956.26,2.64
14,96.76,7970.62,37226.62,2.58
14,96.72,7980.85,35547.39,2.52
14,96.69,7991.09,33925.2,2.46
14,96.65,8001.34,32366.44,2.4
14,96.61,8011.59,30877.28,2.34
14,96.57,8021.85,29463.59,2.28
14,96.54,8032.12,28130.94,2.22
14,96.5,8042.39,26884.6,2.16
14,96.46,8052.67,25729.49,2.1
14,96.42,8062.96,24670.16,2.04
14,96.39,8073.26,23710.8,1.98
14,96.35,8083.56,22855.19,1.92
14,96.31,8093.87,22106.71,1.86
14,96.28,8104.18,21468.3,1.8
14,96.24,8114.51,20942.51,1.74
14,96.2,8124.84,20531.38,1.68
14,96.17,8135.17,20236.56,1.62
14,96.13,8145.52,20059.2,1.56
14,96.09,8155.87,20000.0,1.5
14,96.05,8166.23,20059.2,1.44
14,96.02,8176.59,20236.56,1.38
14,95.98,8186.96,20531.38,1.32
14,95.94,8197.34,20942.51,1.26
14,95.91,8207.73,21468.3,1.2
14,95.87,8218.12,22106.71,1.14
14,95.83,8228.52,22855.19,1.08
14,95.8,8238.92,23710.8,1.02
14,95.76,8249.34,24670.16,0.96
14,95.72,8259.76,25729.49,0.9
14,95.69,8270.18,26884.6,0.84
14,95.65,8280.62,28130.94,0.78
14,95.61,8291.06,29463.59,0.72
14,95.58,8301.5,30877.28,0.66
14,95.54,8311.96,32366.44,0.6
14,95.51,8322.42,33925.2,0.54
14,95.47,8332.89,35547.39,0.48
14,95.43,8343.36,37226.62,0.42
14,95.4,8353.84,38956.26,0.36
14,95.36,8364.33,40729.49,0.3
14,95.32,8374.83,42539.3,0.24
14,95.29,8385.33,44378.56,0.18
14,95.25,8395.84,46240.0,0.12
14,95.22,8406.35,48116.28,0.06
15,95.18,8416.88,50000.0,0.0
15,95.14,8427.41,51883.72,0.06
15,95.11,8437.94,53760.0,0.12
15,95.07,8448.49,55621.44,0.18
15,95.03,8459.04,57460.7,0.24
15,95.0,8469.59,59270.51,0.3
15,94.96,8480.16,61043.74,0.36
15,94.93,8490.73,62773.38,0.42
15,94.89,8501.3,64452.61,0.48
15,94.86,8511.89,66074.8,0.54
15,94.82,8522.48,67633.56,0.6
15,94.78,8533.07,69122.72,0.66
15,94.75,8543.68,70536.41,0.72
15,94.71,8554.29,71869.06,0.78
15,94.68,8564.91,73115.4,0.84
15,94.64,8575.53,74270.51,0.9
15,94.6,8586.16,75329.84,0.96
15,94.57,8596.8,76289.2,1.02
15,94.53,8607.44,77144.81,1.08
15,94.5,8618.09,77893.29,1.14
15,94.46,8628.75,78531.7,1.2
15,94.43,8639.42,79057.49,1.26
15,94.39,8650.09,79468.62,1.32
15,94.36,8660.77,79763.44,1.38
15,94.32,8671.45,79940.8,1.44
15,94.28,8682.14,80000.0,1.5
15,94.25,8692.84,79940.8,1.56
15,94.21,8703.54,79763.44,1.62
15,94.18,8714.26,79468.62,1.68
15,94.14,8724.97,79057.49,1.74
15,94.11,8735.7,78531.7,1.8
15,94.07,8746.43,77893.29,1.86
15,94.04,8757.17,77144.81,1.92
15,94.0,8767.91,76289.2,1.98
15,93.97,8778.66,75329.84,2.04
15,93.93,8789.42,74270.51,2.1
15,93.9,8800.19,73115.4,2.16
15,93.86,8810.96,71869.06,2.22
15,93.83,8821.74,70536.41,2.28
15,93.79,8832.52,69122.72,2.34
15,93.76,8843.31,67633.56,2.4
15,93.72,8854.11,66074.8,2.46
15,93.69,8864.91,64452.61,2.52
15,93.65,8875.72,62773.38,2.58
15,93.62,8886.54,61043.74,2.64
15,93.58,8897.36,59270.51,2.7
15,93.55,8908.19,57460.7,2.76
15,93.51,8919.03,55621.44,2.82
15,93.48,8929.88,53760.0,2.88
15,93.44,8940.73,51883.72,2.94
15,93.41,8951.58,50000.0,3.0
15,93.37,8962.45,48116.28,2.94
15,93.34,8973.32,46240.0,2.88
15,93.3,8984.19,44378.56,2.82
15,93.27,8995.07,42539.3,2.76
15,93.23,9005.96,40729.49,2.7
15,93.2,9016.86,38956.26,2.64
15,93.17,9027.76,37226.62,2.58
15,93.13,9038.67,35547.39,2.52
15,93.1,9049.59,33925.2,2.46
15,93.06,9060.51,32366.44,2.4
15,93.03,9071.44,30877.28,2.34
15,92.99,9082.37,29463.59,2.28
15,92.96,9093.31,28130.94,2.22
15,92.92,9104.26,26884.6,2.16
15,92.89,9115.21,25729.49,2.1
15,92.86,9126.18,24670.16,2.04
15,92.82,9137.14,23710.8,1.98
15,92.79,9148.12,22855.19,1.92
15,92.75,9159.1,22106.71,1.86
15,92.72,9170.08,21468.3,1.8
15,92.68,9181.08,20942.51,1.74
15,92.65,9192.08,20531.38,1.68
15,92.62,9203.08,20236.56,1.62
15,92.58,9214.09,20059.2,1.56
15,92.55,9225.11,20000.0,1.5
15,92.51,9236.14,20059.2,1.44
15,92.48,9247.17,20236.56,1.38
15,92.45,9258.21,20531.38,1.32
15,92.41,9269.25,20942.51,1.26
15,92.38,9280.3,21468.3,1.2
15,92.34,9291.36,22106.71,1.14
15,92.31,9302.42,22855.19,1.08
15,92.28,9313.49,23710.8,1.02
15,92.24,9324.57,24670.16,0.96
15,92.21,9335.65,25729.49,0.9
15,92.18,9346.74,26884.6,0.84
15,92.14,9357.83,28130.94,0.78
15,92.11,9368.93,29463.59,0.72
15,92.07,9380.04,30877.28,0.66
15,92.04,9391.16,32366.44,0.6
15,92.01,9402.28,33925.2,0.54
15,91.97,9413.4,35547.39,0.48
15,91.94,9424.54,37226.62,0.42
15,91.91,9435.68,38956.26,0.36
15,91.87,9446.82,40729.49,0.3
15,91.84,9457.97,42539.3,0.24
15,91.81,9469.13,44378.56,0.18
15,91.77,9480.3,46240.0,0.12
15,91.74,9491.47,48116.28,0.06
16,91.71,9502.64,50000.0,0.0
16,91.67,9513.83,51883.72,0.06
16,91.64,9525.02,53760.0,0.12
16,91.61,9536.21,55621.44,0.18
16,91.57,9547.41,57460.7,0.24
16,91.54,9558.62,59270.51,0.3
16,91.51,9569.84,61043.74,0.36
16,91.47,9581.06,62773.38,0.42
16,91.44,9592.28,64452.61,0.48
16,91.41,9603.52,66074.8,0.54
16,91.37,9614.76,67633.56,0.6
16,91.34,9626.0,69122.72,0.66
16,91.31,9637.25,70536.41,0.72
16,91.27,9648.51,71869.06,0.78
16,91.24,9659.77,73115.4,0.84
16,91.21,9671.04,74270.51,0.9
16,91.18,9682.32,75329.84,0.96
16,91.14,9693.6,76289.2,1.02
16,91.11,9704.89,77144.81,1.08
16,91.08,9716.19,77893.29,1.14
16,91.04,9727.49,78531.7,1.2
16,91.01,9738.79,79057.49,1.26
16,90.98,9750.11,79468.62,1.32
16,90.95,9761.43,79763.44,1.38
16,90.91,9772.75,79940.8,1.44
16,90.88,9784.08,80000.0,1.5
16,90.85,9795.42,79940.8,1.56
16,90.81,9806.76,79763.44,1.62
16,90.78,9818.11,79468.62,1.68
16,90.75,9829.47,79057.49,1.74
16,90.72,9840.83,78531.7,1.8
16,90.68,9852.2,77893.29,1.86
16,90.65,9863.57,77144.81,1.92
16,90.62,9874.95,76289.2,1.98
16,90.59,9886.34,75329.84,2.04
16,90.55,9897.73,74270.51,2.1
16,90.52,9909.13,73115.4,2.16
16,90.49,9920.53,71869.06,2.22
16,90.46,9931.95,70536.41,2.28
16,90.42,9943.36,69122.72,2.34
16,90.39,9954.78,67633.56,2.4
16,90.36,9966.21,66074.8,2.46
16,90.33,9977.65,64452.61,2.52
16,90.3,9989.09,62773.38,2.58
16,90.26,10000.53,61043.74,2.64
16,90.23,10011.98,59270.51,2.7
16,90.2,10023.44,57460.7,2.76
16,90.17,10034.91,55621.44,2.82
16,90.13,10046.38,53760.0,2.88
16,90.1,10057.85,51883.72,2.94
16,90.07,10069.34,50000.0,3.0
16,90.04,10080.82,48116.28,2.94
16,90.01,10092.32,46240.0,2.88
16,89.97,10103.82,44378.56,2.82
16,89.94,10115.32,42539.3,2.76
16,89.91,10126.83,40729.49,2.7
16,89.88,10138.35,38956.26,2.64
16,89.85,10149.88,37226.62,2.58
16,89.81,10161.4,35547.39,2.52
16,89.78,10172.94,33925.2,2.46
16,89.75,10184.48,32366.44,2.4
16,89.72,10196.03,30877.28,2.34
16,89.69,10207.58,29463.59,2.28
16,89.66,10219.14,28130.94,2.22
16,89.62,10230.7,26884.6,2.16
16,89.59,10242.27,25729.49,2.1
16,89.56,10253.85,24670.16,2.04
16,89.53,10265.43,23710.8,1.98
16,89.5,10277.02,22855.19,1.92
16,89.47,10288.61,22106.71,1.86
16,89.43,10300.21,21468.3,1.8
16,89.4,10311.82,20942.51,1.74
16,89.37,10323.43,20531.38,1.68
16,89.34,10335.05,20236.56,1.62
16,89.31,10346.67,20059.2,1.56
16,89.28,10358.3,20000.0,1.5
16,89.25,10369.93,20059.2,1.44
16,89.21,10381.57,20236.56,1.38
16,89.18,10393.22,20531.38,1.32
16,89.15,10404.87,20942.51,1.26
16,89.12,10416.53,21468.3,1.2
16,89.09,10428.19,22106.71,1.14
16,89.06,10439.86,22855.19,1.08
16,89.03,10451.53,23710.8,1.02
16,89.0,10463.21,24670.16,0.96
16,88.96,10474.9,25729.49,0.9
16,88.93,10486.59,26884.6,0.84
16,88.9,10498.29,28130.94,0.78
16,88.87,10509.99,29463.59,0.72
16,88.84,10521.7,30877.28,0.66
16,88.81,10533.42,32366.44,0.6
16,88.78,10545.14,33925.2,0.54
16,88.75,10556.86,35547.39,0.48
16,88.72,10568.59,37226.62,0.42
16,88.68,10580.33,38956.26,0.36
16,88.65,10592.07,40729.49,0.3
16,88.62,10603.82,42539.3,0.24
16,88.59,10615.57,44378.56,0.18
16,88.56,10627.33,46240.0,0.12
16,88.53,10639.1,48116.28,0.06
17,88.5,10650.87,50000.0,0.0
17,88.47,10662.65,51883.72,0.06
17,88.44,10674.43,53760.0,0.12
17,88.41,10686.22,55621.44,0.18
17,88.38,10698.01,57460.7,0.24
17,88.35,10709.81,59270.51,0.3
17,88.31,10721.61,61043.74,0.36
17,88.28,10733.42,62773.38,0.42
17,88.25,10745.24,64452.61,0.48
17,88.22,10757.06,66074.8,0.54
17,88.19,10768.88,67633.56,0.6
17,88.16,10780.72,69122.72,0.66
17,88.13,10792.55,70536.41,0.72
17,88.1,10804.4,71869.06,0.78
17,88.07,10816.25,73115.4,0.84
17,88.04,10828.1,74270.51,0.9
17,88.01,10839.96,75329.84,0.96
17,87.98,10851.82,76289.2,1.02
17,87.95,10863.69,77144.81,1.08
17,87.92,10875.57,77893.29,1.14
17,87.89,10887.45,78531.7,1.2
17,87.86,10899.34,79057.49,1.26
17,87.83,10911.23,79468.62,1.32
17,87.8,10923.13,79763.44,1.38
17,87.77,10935.03,79940.8,1.44
17,87.74,10946.94,80000.0,1.5
17,87.71,10958.86,79940.8,1.56
17,87.68,10970.78,79763.44,1.62
17,87.65,10982.7,79468.62,1.68
17,87.62,10994.63,79057.49,1.74
17,87.59,11006.57,78531.7,1.8
17,87.56,11018.51,77893.29,1.86
17,87.53,11030.45,77144.81,1.92
17,87.5,11042.41,76289.2,1.98
17,87.47,11054.36,75329.84,2.04
17,87.44,11066.33,74270.51,2.1
17,87.41,11078.29,73115.4,2.16
17,87.38,11090.27,71869.06,2.22
17,87.35,11102.25,70536.41,2.28
17,87.32,11114.23,69122.72,2.34
17,87.29,11126.22,67633.56,2.4
17,87.26,11138.21,66074.8,2.46
17,87.23,11150.21,64452.61,2.52
17,87.2,11162.22,62773.38,2.58
17,87.17,11174.23,61043.74,2.64
17,87.14,11186.25,59270.51,2.7
17,87.11,11198.27,57460.7,2.76
17,87.08,11210.29,55621.44,2.82
17,87.05,11222.32,53760.0,2.88
17,87.02,11234.36,51883.72,2.94
17,86.99,11246.4,50000.0,3.0
17,86.96,11258.45,48116.28,2.94
17,86.93,11270.5,46240.0,2.88
17,86.9,11282.56,44378.56,2.82
17,86.87,11294.62,42539.3,2.76
17,86.84,11306.69,40729.49,2.7
17,86.81,11318.77,38956.26,2.64
17,86.78,11330.84,37226.62,2.58
17,86.75,11342.93,35547.39,2.52
17,86.72,11355.02,33925.2,2.46
17,86.69,11367.11,32366.44,2.4
17,86.67,11379.21,30877.28,2.34
17,86.64,11391.32,29463.59,2.28
17,86.61,11403.43,28130.94,2.22
17,86.58,11415.54,26884.6,2.16
17,86.55,11427.66,25729.49,2.1
17,86.52,11439.79,24670.16,2.04
17,86.49,11451.92,23710.8,1.98
17,86.46,11464.05,22855.19,1.92
17,86.43,11476.19,22106.71,1.86
17,86.4,11488.34,21468.3,1.8
17,86.37,11500.49,20942.51,1.74
17,86.34,11512.64,20531.38,1.68
17,86.32,11524.8,20236.56,1.62
17,86.29,11536.97,20059.2,1.56
17,86.26,11549.14,20000.0,1.5
17,86.23,11561.32,20059.2,1.44
17,86.2,11573.5,20236.56,1.38
17,86.17,11585.69,20531.38,1.32
17,86.14,11597.88,20942.51,1.26
17,86.11,11610.07,21468.3,1.2
17,86.08,11622.27,22106.71,1.14
17,86.05,11634.48,22855.19,1.08
17,86.03,11646.69,23710.8,1.02
17,86.0,11658.91,24670.16,0.96
17,85.97,11671.13,25729.49,0.9
17,85.94,11683.35,26884.6,0.84
17,85.91,11695.59,28130.94,0.78
17,85.88,11707.82,29463.59,0.72
17,85.85,11720.06,30877.28,0.66
17,85.82,11732.31,32366.44,0.6
17,85.8,11744.56,33925.2,0.54
17,85.77,11756.82,35547.39,0.48
17,85.74,11769.08,37226.62,0.42
17,85.71,11781.34,38956.26,0.36
17,85.68,11793.61,40729.49,0.3
17,85.65,11805.89,42539.3,0.24
17,85.62,11818.17,44378.56,0.18
17,85.6,11830.46,46240.0,0.12
17,85.57,11842.75,48116.28,0.06
18,85.54,11855.04,50000.0,0.0
18,85.51,11867.34,51883.72,0.06
18,85.48,11879.65,53760.0,0.12
18,85.45,11891.96,55621.44,0.18
18,85.43,11904.27,57460.7,0.24
18,85.4,11916.59,59270.51,0.3
18,85.37,11928.91,61043.74,0.36
18,85.34,11941.24,62773.38,0.42
18,85.31,11953.58,64452.61,0.48
18,85.28,11965.92,66074.8,0.54
18,85.26,11978.26,67633.56,0.6
18,85.23,11990.61,69122.72,0.66
18,85.2,12002.96,70536.41,0.72
18,85.17,12015.32,71869.06,0.78
18,85.14,12027.68,73115.4,0.84
18,85.12,12040.05,74270.51,0.9
18,85.09,12052.42,75329.84,0.96
18,85.06,12064.8,76289.2,1.02
18,85.03,12077.18,77144.81,1.08
18,85.0,12089.57,77893.29,1.14
18,84.98,12101.96,78531.7,1.2
18,84.95,12114.35,79057.49,1.26
18,84.92,12126.75,79468.62,1.32
18,84.89,12139.16,79763.44,1.38
18,84.86,12151.57,79940.8,1.44
18,84.84,12163.98,80000.0,1.5
18,84.81,12176.4,79940.8,1.56
18,84.78,12188.83,79763.44,1.62
18,84.75,12201.25,79468.62,1.68
18,84.72,12213.69,79057.49,1.74
18,84.7,12226.13,78531.7,1.8
18,84.67,12238.57,77893.29,1.86
18,84.64,12251.02,77144.81,1.92
18,84.61,12263.47,76289.2,1.98
18,84.59,12275.92,75329.84,2.04
18,84.56,12288.38,74270.51,2.1
18,84.53,12300.85,73115.4,2.16
18,84.5,12313.32,71869.06,2.22
18,84.48,12325.8,70536.41,2.28
18,84.45,12338.27,69122.72,2.34
18,84.42,12350.76,67633.56,2.4
18,84.39,12363.25,66074.8,2.46
18,84.36,12375.74,64452.61,2.52
18,84.34,12388.24,62773.38,2.58
18,84.31,12400.74,61043.74,2.64
18,84.28,12413.25,59270.51,2.7
18,84.26,12425.76,57460.7,2.76
18,84.23,12438.27,55621.44,2.82
18,84.2,12450.79,53760.0,2.88
18,84.17,12463.32,51883.72,2.94
18,84.15,12475.85,50000.0,3.0
18,84.12,12488.38,48116.28,2.94
18,84.09,12500.92,46240.0,2.88
18,84.06,12513.46,44378.56,2.82
18,84.04,12526.01,42539.3,2.76
18,84.01,12538.56,40729.49,2.7
18,83.98,12551.11,38956.26,2.64
18,83.95,12563.67,37226.62,2.58
18,83.93,12576.24,35547.39,2.52
18,83.9,12588.81,33925.2,2.46
18,83.87,12601.38,32366.44,2.4
18,83.85,12613.96,30877.28,2.34
18,83.82,12626.54,29463.59,2.28
18,83.79,12639.13,28130.94,2.22
18,83.77,12651.72,26884.6,2.16
18,83.74,12664.32,25729.49,2.1
18,83.71,12676.92,24670.16,2.04
18,83.68,12689.52,23710.8,1.98
18,83.66,12702.13,22855.19,1.92
18,83.63,12714.74,22106.71,1.86
18,83.6,12727.36,21468.3,1.8
18,83.58,12739.98,20942.51,1.74
18,83.55,12752.61,20531.38,1.68
18,83.52,12765.24,20236.56,1.62
18,83.5,12777.87,20059.2,1.56
18,83.47,12790.51,20000.0,1.5
18,83.44,12803.15,20059.2,1.44
18,83.42,12815.8,20236.56,1.38
18,83.39,12828.45,20531.38,1.32
18,83.36,12841.11,20942.51,1.26
18,83.34,12853.77,21468.3,1.2
18,83.31,12866.43,22106.71,1.14
18,83.28,12879.1,22855.19,1.08
18,83.26,12891.77,23710.8,1.02
18,83.23,12904.45,24670.16,0.96
18,83.2,12917.13,25729.49,0.9
18,83.18,12929.81,26884.6,0.84
18,83.15,12942.5,28130.94,0.78
18,83.12,12955.2,29463.59,0.72
18,83.1,12967.9,30877.28,0.66
18,83.07,12980.6,32366.44,0.6
18,83.04,12993.3,33925.2,0.54
18,83.02,13006.01,35547.39,0.48
18,82.99,13018.73,37226.62,0.42
18,82.96,13031.45,38956.26,0.36
18,82.94,13044.17,40729.49,0.3
18,82.91,13056.9,42539.3,0.24
18,82.89,13069.63,44378.56,0.18
18,82.86,13082.36,46240.0,0.12
18,82.83,13095.1,48116.28,0.06
19,82.81,13107.84,50000.0,0.0
19,82.78,13120.59,51883.72,0.06
19,82.75,13133.34,53760.0,0.12
19,82.73,13146.1,55621.44,0.18
19,82.7,13158.86,57460.7,0.24
19,82.68,13171.62,59270.51,0.3
19,82.65,13184.39,61043.74,0.36
19,82.62,13197.16,62773.38,0.42
19,82.6,13209.94,64452.61,0.48
19,82.57,13222.72,66074.8,0.54
19,82.55,13235.5,67633.56,0.6
19,82.52,13248.29,69122.72,0.66
19,82.49,13261.08,70536.41,0.72
19,82.47,13273.87,71869.06,0.78
19,82.44,13286.67,73115.4,0.84
19,82.42,13299.48,74270.51,0.9
19,82.39,13312.28,75329.84,0.96
19,82.36,13325.1,76289.2,1.02
19,82.34,13337.91,77144.81,1.08
19,82.31,13350.73,77893.29,1.14
19,82.29,13363.55,78531.7,1.2
19,82.26,13376.38,79057.49,1.26
19,82.23,13389.21,79468.62,1.32
19,82.21,13402.05,79763.44,1.38
19,82.18,13414.89,79940.8,1.44
19,82.16,13427.73,80000.0,1.5
19,82.13,13440.57,79940.8,1.56
19,82.11,13453.42,79763.44,1.62
19,82.08,13466.28,79468.62,1.68
19,82.05,13479.14,79057.49,1.74
19,82.03,13492.0,78531.7,1.8
19,82.0,13504.86,77893.29,1.86
19,81.98,13517.73,77144.81,1.92
19,81.95,13530.61,76289.2,1.98
19,81.93,13543.48,75329.84,2.04
19,81.9,13556.37,74270.51,2.1
19,81.88,13569.25,73115.4,2.16
19,81.85,13582.14,71869.06,2.22
19,81.82,13595.03,70536.41,2.28
19,81.8,13607.93,69122.72,2.34
19,81.77,13620.83,67633.56,2.4
19,81.75,13633.73,66074.8,2.46
19,81.72,13646.64,64452.61,2.52
19,81.7,13659.55,62773.38,2.58
19,81.67,13672.46,61043.74,2.64
19,81.65,13685.38,59270.51,2.7
19,81.62,13698.3,57460.7,2.76
19,81.6,13711.23,55621.44,2.82
19,81.57,13724.16,53760.0,2.88
19,81.55,13737.09,51883.72,2.94
19,81.52,13750.03,50000.0,3.0
19,81.5,13762.97,48116.28,2.94
19,81.47,13775.92,46240.0,2.88
19,81.44,13788.86,44378.56,2.82
19,81.42,13801.81,42539.3,2.76
19,81.39,13814.77,40729.49,2.7
19,81.37,13827.73,38956.26,2.64
19,81.34,13840.69,37226.62,2.58
19,81.32,13853.66,35547.39,2.52
19,81.29,13866.63,33925.2,2.46
19,81.27,13879.6,32366.44,2.4
19,81.24,13892.58,30877.28,2.34
19,81.22,13905.56,29463.59,2.28
19,81.19,13918.54,28130.94,2.22
19,81.17,13931.53,26884.6,2.16
19,81.14,13944.52,25729.49,2.1
19,81.12,13957.51,24670.16,2.04
19,81.09,13970.51,23710.8,1.98
19,81.07,13983.51,22855.19,1.92
19,81.04,13996.52,22106.71,1.86
19,81.02,14009.53,21468.3,1.8
19,81.0,14022.54,20942.51,1.74
19,80.97,14035.56,20531.38,1.68
19,80.95,14048.57,20236.56,1.62
19,80.92,14061.6,20059.2,1.56
19,80.9,14074.62,20000.0,1.5
19,80.87,14087.65,20059.2,1.44
19,80.85,14100.69,20236.56,1.38
19,80.82,14113.72,20531.38,1.32
19,80.8,14126.76,20942.51,1.26
19,80.77,14139.8,21468.3,1.2
19,80.75,14152.85,22106.71,1.14
19,80.72,14165.9,22855.19,1.08
19,80.7,14178.95,23710.8,1.02
19,80.67,14192.01,24670.16,0.96
19,80.65,14205.07,25729.49,0.9
19,80.63,14218.14,26884.6,0.84
19,80.6,14231.2,28130.94,0.78
19,80.58,14244.27,29463.59,0.72
19,80.55,14257.35,30877.28,0.66
19,80.53,14270.42,32366.44,0.6
19,80.5,14283.5,33925.2,0.54
19,80.48,14296.59,35547.39,0.48
19,80.45,14309.67,37226.62,0.42
19,80.43,14322.76,38956.26,0.36
19,80.41,14335.86,40729.49,0.3
19,80.38,14348.96,42539.3,0.24
19,80.36,14362.06,44378.56,0.18
19,80.33,14375.16,46240.0,0.12
19,80.31,14388.27,48116.28,0.06
20,80.28,14401.38,50000.0,0.0
20,80.26,14414.49,51883.72,0.06
20,80.24,14427.6,53760.0,0.12
20,80.21,14440.72,55621.44,0.18
20,80.19,14453.85,57460.7,0.24
20,80.16,14466.97,59270.51,0.3
20,80.14,14480.1,61043.74,0.36
20,80.12,14493.24,62773.38,0.42
20,80.09,14506.37,64452.61,0.48
20,80.07,14519.51,66074.8,0.54
20,80.04,14532.65,67633.56,0.6
20,80.02,14545.8,69122.72,0.66
20,80.0,14558.94,70536.41,0.72
20,79.97,14572.1,71869.06,0.78
20,79.95,14585.25,73115.4,0.84
20,79.92,14598.41,74270.51,0.9
20,79.9,14611.57,75329.84,0.96
20,79.88,14624.73,76289.2,1.02
20,79.85,14637.9,77144.81,1.08
20,79.83,14651.07,77893.29,1.14
20,79.8,14664.24,78531.7,1.2
20,79.78,14677.42,79057.49,1.26
20,79.76,14690.6,79468.62,1.32
20,79.73,14703.78,79763.44,1.38
20,79.71,14716.97,79940.8,1.44
20,79.68,14730.16,80000.0,1.5
20,79.66,14743.35,79940.8,1.56
20,79.64,14756.54,79763.44,1.62
20,79.61,14769.74,79468.62,1.68
20,79.59,14782.94,79057.49,1.74
20,79.57,14796.14,78531.7,1.8
20,79.54,14809.35,77893.29,1.86
20,79.52,14822.56,77144.81,1.92
20,79.5,14835.77,76289.2,1.98
20,79.47,14848.99,75329.84,2.04
20,79.45,14862.21,74270.51,2.1
20,79.42,14875.43,73115.4,2.16
20,79.4,14888.65,71869.06,2.22
20,79.38,14901.88,70536.41,2.28
20,79.35,14915.11,69122.72,2.34
20,79.33,14928.34,67633.56,2.4
20,79.31,14941.58,66074.8,2.46
20,79.28,14954.82,64452.61,2.52
20,79.26,14968.06,62773.38,2.58
20,79.24,14981.3,61043.74,2.64
20,79.21,14994.55,59270.51,2.7
20,79.19,15007.8,57460.7,2.76
20,79.17,15021.06,55621.44,2.82
20,79.14,15034.31,53760.0,2.88
20,79.12,15047.57,51883.72,2.94
20,79.1,15060.83,50000.0,3.0
20,79.07,15074.1,48116.28,2.94
20,79.05,15087.37,46240.0,2.88
20,79.03,15100.64,44378.56,2.82
20,79.0,15113.91,42539.3,2.76
20,78.98,15127.18,40729.49,2.7
20,78.96,15140.46,38956.26,2.64
20,78.93,15153.74,37226.62,2.58
20,78.91,15167.03,35547.39,2.52
20,78.89,15180.32,33925.2,2.46
20,78.87,15193.61,32366.44,2.4
20,78.84,15206.9,30877.28,2.34
20,78.82,15220.19,29463.59,2.28
20,78.8,15233.49,28130.94,2.22
20,78.77,15246.79,26884.6,2.16
20,78.75,15260.09,25729.49,2.1
20,78.73,15273.4,24670.16,2.04
20,78.7,15286.71,23710.8,1.98
20,78.68,15300.02,22855.19,1.92
20,78.66,15313.33,22106.71,1.86
20,78.64,15326.65,21468.3,1.8
20,78.61,15339.97,20942.51,1.74
20,78.59,15353.29,20531.38,1.68
20,78.57,15366.62,20236.56,1.62
20,78.54,15379.94,20059.2,1.56
20,78.52,15393.27,20000.0,1.5
20,78.5,15406.61,20059.2,1.44
20,78.48,15419.94,20236.56,1.38
20,78.45,15433.28,20531.38,1.32
20,78.43,15446.62,20942.51,1.26
20,78.41,15459.96,21468.3,1.2
20,78.38,15473.31,22106.71,1.14
20,78.36,15486.66,22855.19,1.08
20,78.34,15500.01,23710.8,1.02
20,78.32,15513.36,24670.16,0.96
20,78.29,15526.72,25729.49,0.9
20,78.27,15540.07,26884.6,0.84
20,78.25,15553.43,28130.94,0.78
20,78.23,15566.8,29463.59,0.72
20,78.2,15580.16,30877.28,0.66
20,78.18,15593.53,32366.44,0.6
20,78.16,15606.9,33925.2,0.54
20,78.14,15620.27,35547.39,0.48
20,78.11,15633.65,37226.62,0.42
20,78.09,15647.03,38956.26,0.36
20,78.07,15660.41,40729.49,0.3
20,78.05,15673.79,42539.3,0.24
20,78.02,15687.18,44378.56,0.18
20,78.0,15700.56,46240.0,0.12
20,77.98,15713.95,48116.28,0.06
21,77.96,15727.35,50000.0,0.0
21,77.93,15740.74,51883.72,0.06
21,77.91,15754.14,53760.0,0.12
21,77.89,15767.54,55621.44,0.18
21,77.87,15780.94,57460.7,0.24
21,77.84,15794.35,59270.51,0.3
21,77.82,15807.75,61043.74,0.36
21,77.8,15821.16,62773.38,0.42
21,77.78,15834.57,64452.61,0.48
21,77.76,15847.99,66074.8,0.54
21,77.73,15861.4,67633.56,0.6
21,77.71,15874.82,69122.72,0.66
21,77.69,15888.24,70536.41,0.72
21,77.67,15901.67,71869.06,0.78
21,77.64,15915.09,73115.4,0.84
21,77.62,15928.52,74270.51,0.9
21,77.6,15941.95,75329.84,0.96
21,77.58,15955.38,76289.2,1.02
21,77.56,15968.82,77144.81,1.08
21,77.53,15982.25,77893.29,1.14
21,77.51,15995.69,78531.7,1.2
21,77.49,16009.13,79057.49,1.26
21,77.47,16022.58,79468.62,1.32
21,77.45,16036.02,79763.44,1.38
21,77.42,16049.47,79940.8,1.44
21,77.4,16062.92,80000.0,1.5
21,77.38,16076.37,79940.8,1.56
21,77.36,16089.82,79763.44,1.62
21,77.34,16103.28,79468.62,1.68
21,77.31,16116.74,79057.49,1.74
21,77.29,16130.2,78531.7,1.8
21,77.27,16143.66,77893.29,1.86
21,77.25,16157.13,77144.81,1.92
21,77.23,16170.6,76289.2,1.98
21,77.21,16184.07,75329.84,2.04
21,77.18,16197.54,74270.51,2.1
21,77.16,16211.01,73115.4,2.16
21,77.14,16224.49,71869.06,2.22
21,77.12,16237.96,70536.41,2.28
21,77.1,16251.44,69122.72,2.34
21,77.08,16264.93,67633.56,2.4
21,77.05,16278.41,66074.8,2.46
21,77.03,16291.9,64452.61,2.52
21,77.01,16305.38,62773.38,2.58
21,76.99,16318.87,61043.74,2.64
21,76.97,16332.37,59270.51,2.7
21,76.95,16345.86,57460.7,2.76
21,76.92,16359.36,55621.44,2.82
21,76.9,16372.85,53760.0,2.88
21,76.88,16386.35,51883.72,2.94
21,76.86,16399.86,50000.0,3.0
21,76.84,16413.36,48116.28,2.94
21,76.82,16426.87,46240.0,2.88
21,76.8,16440.37,44378.56,2.82
21,76.77,16453.88,42539.3,2.76
21,76.75,16467.4,40729.49,2.7
21,76.73,16480.91,38956.26,2.64
21,76.71,16494.42,37226.62,2.58
21,76.69,16507.94,35547.39,2.52
21,76.67,16521.46,33925.2,2.46
21,76.65,16534.98,32366.44,2.4
21,76.62,16548.51,30877.28,2.34
21,76.6,16562.03,29463.59,2.28
21,76.58,16575.56,28130.94,2.22
21,76.56,16589.09,26884.6,2.16
21,76.54,16602.62,25729.49,2.1
21,76.52,16616.15,24670.16,2.04
21,76.5,16629.69,23710.8,1.98
21,76.48,16643.22,22855.19,1.92
21,76.45,16656.76,22106.71,1.86
21,76.43,16670.3,21468.3,1.8
21,76.41,16683.84,20942.51,1.74
21,76.39,16697.39,20531.38,1.68
21,76.37,16710.93,20236.56,1.62
21,76.35,16724.48,20059.2,1.56
21,76.33,16738.03,20000.0,1.5
21,76.31,16751.58,20059.2,1.44
21,76.29,16765.13,20236.56,1.38
21,76.26,16778.68,20531.38,1.32
21,76.24,16792.24,20942.51,1.26
21,76.22,16805.8,21468.3,1.2
21,76.2,16819.36,22106.71,1.14
21,76.18,16832.92,22855.19,1.08
21,76.16,16846.48,23710.8,1.02
21,76.14,16860.04,24670.16,0.96
21,76.12,16873.61,25729.49,0.9
21,76.1,16887.18,26884.6,0.84
21,76.08,16900.75,28130.94,0.78
21,76.06,16914.32,29463.59,0.72
21,76.03,16927.89,30877.28,0.66
21,76.01,16941.47,32366.44,0.6
21,75.99,16955.04,33925.2,0.54
21,75.97,16968.62,35547.39,0.48
21,75.95,16982.2,37226.62,0.42
21,75.93,16995.78,38956.26,0.36
21,75.91,17009.36,40729.49,0.3
21,75.89,17022.95,42539.3,0.24
21,75.87,17036.53,44378.56,0.18
21,75.85,17050.12,46240.0,0.12
21,75.83,17063.71,48116.28,0.06
22,75.81,17077.3,50000.0,0.0
22,75.79,17090.89,51883.72,0.06
22,75.77,17104.48,53760.0,0.12
22,75.74,17118.08,55621.44,0.18
22,75.72,17131.68,57460.7,0.24
22,75.7,17145.27,59270.51,0.3
22,75.68,17158.87,61043.74,0.36
22,75.66,17172.47,62773.38,0.42
22,75.64,17186.08,64452.61,0.48
22,75.62,17199.68,66074.8,0.54
22,75.6,17213.29,67633.56,0.6
22,75.58,17226.89,69122.72,0.66
22,75.56,17240.5,70536.41,0.72
22,75.54,17254.11,71869.06,0.78
22,75.52,17267.72,73115.4,0.84
22,75.5,17281.34,74270.51,0.9
22,75.48,17294.95,75329.84,0.96
22,75.46,17308.57,76289.2,1.02
22,75.44,17322.18,77144.81,1.08
22,75.42,17335.8,77893.29,1.14
22,75.4,17349.42,78531.7,1.2
22,75.38,17363.04,79057.49,1.26
22,75.36,17376.66,79468.62,1.32
22,75.34,17390.29,79763.44,1.38
22,75.32,17403.91,79940.8,1.44
22,75.3,17417.54,80000.0,1.5
22,75.28,17431.17,79940.8,1.56
22,75.26,17444.8,79763.44,1.62
22,75.24,17458.43,79468.62,1.68
22,75.21,17472.06,79057.49,1.74
22,75.19,17485.69,78531.7,1.8
22,75.17,17499.33,77893.29,1.86
22,75.15,17512.96,77144.81,1.92
22,75.13,17526.6,76289.2,1.98
22,75.11,17540.24,75329.84,2.04
22,75.09,17553.88,74270.51,2.1
22,75.07,17567.52,73115.4,2.16
22,75.05,17581.16,71869.06,2.22
22,75.03,17594.81,70536.41,2.28
22,75.01,17608.45,69122.72,2.34
22,74.99,17622.1,67633.56,2.4
22,74.97,17635.74,66074.8,2.46
22,74.95,17649.39,64452.61,2.52
22,74.93,17663.04,62773.38,2.58
22,74.91,17676.69,61043.74,2.64
22,74.89,17690.34,59270.51,2.7
22,74.87,17704.0,57460.7,2.76
22,74.85,17717.65,55621.44,2.82
22,74.83,17731.31,53760.0,2.88
22,74.81,17744.96,51883.72,2.94
22,74.79,17758.62,50000.0,3.0
22,74.78,17772.28,48116.28,2.94
22,74.76,17785.94,46240.0,2.88
22,74.74,17799.6,44378.56,2.82
22,74.72,17813.26,42539.3,2.76
22,74.7,17826.93,40729.49,2.7
22,74.68,17840.59,38956.26,2.64
22,74.66,17854.26,37226.62,2.58
22,74.64,17867.92,35547.39,2.52
22,74.62,17881.59,33925.2,2.46
22,74.6,17895.26,32366.44,2.4
22,74.58,17908.93,30877.28,2.34
22,74.56,17922.6,29463.59,2.28
22,74.54,17936.27,28130.94,2.22
22,74.52,17949.95,26884.6,2.16
22,74.5,17963.62,25729.49,2.1
22,74.48,17977.29,24670.16,2.04
22,74.46,17990.97,23710.8,1.98
22,74.44,18004.65,22855.19,1.92
22,74.42,18018.33,22106.71,1.86
22,74.4,18032.0,21468.3,1.8
22,74.38,18045.68,20942.51,1.74
22,74.36,18059.36,20531.38,1.68
22,74.34,18073.05,20236.56,1.62
22,74.32,18086.73,20059.2,1.56
22,74.3,18100.41,20000.0,1.5
22,74.28,18114.1,20059.2,1.44
22,74.27,18127.78,20236.56,1.38
22,74.25,18141.47,20531.38,1.32
22,74.23,18155.16,20942.51,1.26
22,74.21,18168.85,21468.3,1.2
22,74.19,18182.53,22106.71,1.14
22,74.17,18196.22,22855.19,1.08
22,74.15,18209.92,23710.8,1.02
22,74.13,18223.61,24670.16,0.96
22,74.11,18237.3,25729.49,0.9
22,74.09,18250.99,26884.6,0.84
22,74.07,18264.69,28130.94,0.78
22,74.05,18278.38,29463.59,0.72
22,74.03,18292.08,30877.28,0.66
22,74.01,18305.77,32366.44,0.6
22,73.99,18319.47,33925.2,0.54
22,73.98,18333.17,35547.39,0.48
22,73.96,18346.87,37226.62,0.42
22,73.94,18360.57,38956.26,0.36
22,73.92,18374.27,40729.49,0.3
22,73.9,18387.97,42539.3,0.24
22,73.88,18401.67,44378.56,0.18
22,73.86,18415.38,46240.0,0.12
22,73.84,18429.08,48116.28,0.06
23,73.82,18442.79,50000.0,0.0
23,73.8,18456.49,51883.72,0.06
23,73.78,18470.2,53760.0,0.12
23,73.77,18483.9,55621.44,0.18
23,73.75,18497.61,57460.7,0.24
23,73.73,18511.32,59270.51,0.3
23,73.71,18525.03,61043.74,0.36
23,73.69,18538.74,62773.38,0.42
23,73.67,18552.45,64452.61,0.48
23,73.65,18566.16,66074.8,0.54
23,73.63,18579.87,67633.56,0.6
23,73.61,18593.58,69122.72,0.66
23,73.6,18607.29,70536.41,0.72
23,73.58,18621.01,71869.06,0.78
23,73.56,18634.72,73115.4,0.84
23,73.54,18648.43,74270.51,0.9
23,73.52,18662.15,75329.84,0.96
23,73.5,18675.87,76289.2,1.02
23,73.48,18689.58,77144.81,1.08
23,73.46,18703.3,77893.29,1.14
23,73.44,18717.02,78531.7,1.2
23,73.43,18730.73,79057.49,1.26
23,73.41,18744.45,79468.62,1.32
23,73.39,18758.17,79763.44,1.38
23,73.37,18771.89,79940.8,1.44
23,73.35,18785.61,80000.0,1.5
23,73.33,18799.33,79940.8,1.56
23,73.31,18813.05,79763.44,1.62
23,73.29,18826.77,79468.62,1.68
23,73.28,18840.5,79057.49,1.74
23,73.26,18854.22,78531.7,1.8
23,73.24,18867.94,77893.29,1.86
23,73.22,18881.67,77144.81,1.92
23,73.2,18895.39,76289.2,1.98
23,73.18,18909.12,75329.84,2.04
23,73.16,18922.84,74270.51,2.1
23,73.15,18936.57,73115.4,2.16
23,73.13,18950.29,71869.06,2.22
23,73.11,18964.02,70536.41,2.28
23,73.09,18977.74,69122.72,2.34
23,73.07,18991.47,67633.56,2.4
23,73.05,19005.2,66074.8,2.46
23,73.04,19018.93,64452.61,2.52
23,73.02,19032.66,62773.38,2.58
23,73.0,19046.38,61043.74,2.64
23,72.98,19060.11,59270.51,2.7
23,72.96,19073.84,57460.7,2.76
23,72.94,19087.57,55621.44,2.82
23,72.93,19101.3,53760.0,2.88
23,72.91,19115.03,51883.72,2.94
23,72.89,19128.76,50000.0,3.0
23,72.87,19142.5,48116.28,2.94
23,72.85,19156.23,46240.0,2.88
23,72.83,19169.96,44378.56,2.82
23,72.82,19183.69,42539.3,2.76
23,72.8,19197.42,40729.49,2.7
23,72.78,19211.16,38956.26,2.64
23,72.76,19224.89,37226.62,2.58
23,72.74,19238.62,35547.39,2.52
23,72.72,19252.36,33925.2,2.46
23,72.71,19266.09,32366.44,2.4
23,72.69,19279.82,30877.28,2.34
23,72.67,19293.56,29463.59,2.28
23,72.65,19307.29,28130.94,2.22
23,72.63,19321.03,26884.6,2.16
23,72.62,19334.76,25729.49,2.1
23,72.6,19348.5,24670.16,2.04
23,72.58,19362.23,23710.8,1.98
23,72.56,19375.97,22855.19,1.92
23,72.54,19389.7,22106.71,1.86
23,72.53,19403.44,21468.3,1.8
23,72.51,19417.18,20942.51,1.74
23,72.49,19430.91,20531.38,1.68
23,72.47,19444.65,20236.56,1.62
23,72.45,19458.38,20059.2,1.56
23,72.44,19472.12,20000.0,1.5
23,72.42,19485.86,20059.2,1.44
23,72.4,19499.6,20236.56,1.38
23,72.38,19513.33,20531.38,1.32
23,72.36,19527.07,20942.51,1.26
23,72.35,19540.81,21468.3,1.2
23,72.33,19554.54,22106.71,1.14
23,72.31,19568.28,22855.19,1.08
23,72.29,19582.02,23710.8,1.02
23,72.27,19595.76,24670.16,0.96
23,72.26,19609.49,25729.49,0.9
23,72.24,19623.23,26884.6,0.84
23,72.22,19636.97,28130.94,0.78
23,72.2,19650.71,29463.59,0.72
23,72.19,19664.44,30877.28,0.66
23,72.17,19678.18,32366.44,0.6
23,72.15,19691.92,33925.2,0.54
23,72.13,19705.66,35547.39,0.48
23,72.11,19719.39,37226.62,0.42
23,72.1,19733.13,38956.26,0.36
23,72.08,19746.87,40729.49,0.3
23,72.06,19760.61,42539.3,0.24
23,72.04,19774.35,44378.56,0.18
23,72.03,19788.08,46240.0,0.12
23,72.01,19801.82,48116.28,0.06
24,71.99,19815.56,50000.0,0.0
24,71.97,19829.3,51883.72,0.06
24,71.96,19843.03,53760.0,0.12
24,71.94,19856.77,55621.44,0.18
24,71.92,19870.51,57460.7,0.24
24,71.9,19884.24,59270.51,0.3
24,71.89,19897.98,61043.74,0.36
24,71.87,19911.72,62773.38,0.42
24,71.85,19925.46,64452.61,0.48
24,71.83,19939.19,66074.8,0.54
24,71.82,19952.93,67633.56,0.6
24,71.8,19966.66,69122.72,0.66
24,71.78,19980.4,70536.41,0.72
24,71.76,19994.14,71869.06,0.78
24,71.75,20007.87,73115.4,0.84
24,71.73,20021.61,74270.51,0.9
24,71.71,20035.34,75329.84,0.96
24,71.69,20049.08,76289.2,1.02
24,71.68,20062.81,77144.81,1.08
24,71.66,20076.55,77893.29,1.14
24,71.64,20090.28,78531.7,1.2
24,71.62,20104.02,79057.49,1.26
24,71.61,20117.75,79468.62,1.32
24,71.59,20131.49,79763.44,1.38
24,71.57,20145.22,79940.8,1.44
24,71.56,20158.95,80000.0,1.5
24,71.54,20172.69,79940.8,1.56
24,71.52,20186.42,79763.44,1.62
24,71.5,20200.15,79468.62,1.68
24,71.49,20213.89,79057.49,1.74
24,71.47,20227.62,78531.7,1.8
24,71.45,20241.35,77893.29,1.86
24,71.44,20255.08,77144.81,1.92
24,71.42,20268.81,76289.2,1.98
24,71.4,20282.54,75329.84,2.04
24,71.38,20296.27,74270.51,2.1
24,71.37,20310.0,73115.4,2.16
24,71.35,20323.73,71869.06,2.22
24,71.33,20337.46,70536.41,2.28
24,71.32,20351.19,69122.72,2.34
24,71.3,20364.92,67633.56,2.4
24,71.28,20378.65,66074.8,2.46
24,71.26,20392.38,64452.61,2.52
24,71.25,20406.11,62773.38,2.58
24,71.23,20419.83,61043.74,2.64
24,71.21,20433.56,59270.51,2.7
24,71.2,20447.29,57460.7,2.76
24,71.18,20461.01,55621.44,2.82
24,71.16,20474.74,53760.0,2.88
24,71.15,20488.47,51883.72,2.94
24,71.13,20502.19,50000.0,3.0
24,71.11,20515.91,48116.28,2.94
24,71.09,20529.64,46240.0,2.88
24,71.08,20543.36,44378.56,2.82
24,71.06,20557.08,42539.3,2.76
24,71.04,20570.81,40729.49,2.7
24,71.03,20584.53,38956.26,2.64
24,71.01,20598.25,37226.62,2.58
24,70.99,20611.97,35547.39,2.52
24,70.98,20625.69,33925.2,2.46
24,70.96,20639.41,32366.44,2.4
24,70.94,20653.13,30877.28,2.34
24,70.93,20666.85,29463.59,2.28
24,70.91,20680.57,28130.94,2.22
24,70.89,20694.29,26884.6,2.16
24,70.88,20708.01,25729.49,2.1
24,70.86,20721.72,24670.16,2.04
24,70.84,20735.44,23710.8,1.98
24,70.83,20749.15,22855.19,1.92
24,70.81,20762.87,22106.71,1.86
24,70.79,20776.58,21468.3,1.8
24,70.78,20790.3,20942.51,1.74
24,70.76,20804.01,20531.38,1.68
24,70.74,20817.72,20236.56,1.62
24,70.73,20831.44,20059.2,1.56
24,70.71,20845.15,20000.0,1.5
24,70.69,20858.86,20059.2,1.44
24,70.68,20872.57,20236.56,1.38
24,70.66,20886.28,20531.38,1.32
24,70.64,20899.99,20942.51,1.26
24,70.63,20913.7,21468.3,1.2
24,70.61,20927.4,22106.71,1.14
24,70.59,20941.11,22855.19,1.08
24,70.58,20954.82,23710.8,1.02
24,70.56,20968.52,24670.16,0.96
24,70.55,20982.23,25729.49,0.9
24,70.53,20995.93,26884.6,0.84
24,70.51,21009.64,28130.94,0.78
24,70.5,21023.34,29463.59,0.72
24,70.48,21037.04,30877.28,0.66
24,70.46,21050.74,32366.44,0.6
24,70.45,21064.44,33925.2,0.54
24,70.43,21078.14,35547.39,0.48
24,70.41,21091.84,37226.62,0.42
24,70.4,21105.54,38956.26,0.36
24,70.38,21119.24,40729.49,0.3
24,70.37,21132.93,42539.3,0.24
24,70.35,21146.63,44378.56,0.18
24,70.33,21160.33,46240.0,0.12
24,70.32,21174.02,48116.28,0.06
25,70.3,21187.71,50000.0,0.0
25,70.28,21201.41,51883.72,0.06
25,70.27,21215.1,53760.0,0.12
25,70.25,21228.79,55621.44,0.18
25,70.24,21242.48,57460.7,0.24
25,70.22,21256.17,59270.51,0.3
25,70.2,21269.86,61043.74,0.36
25,70.19,21283.55,62773.38,0.42
25,70.17,21297.23,64452.61,0.48
25,70.15,21310.92,66074.8,0.54
25,70.14,21324.6,67633.56,0.6
25,70.12,21338.29,69122.72,0.66
25,70.11,21351.97,70536.41,0.72
25,70.09,21365.65,71869.06,0.78
25,70.07,21379.34,73115.4,0.84
25,70.06,21393.02,74270.51,0.9
25,70.04,21406.7,75329.84,0.96
25,70.03,21420.38,76289.2,1.02
25,70.01,21434.05,77144.81,1.08
25,69.99,21447.73,77893.29,1.14
25,69.98,21461.41,78531.7,1.2
25,69.96,21475.08,79057.49,1.26
25,69.95,21488.76,79468.62,1.32
25,69.93,21502.43,79763.44,1.38
25,69.91,21516.1,79940.8,1.44
25,69.9,21529.77,80000.0,1.5
25,69.88,21543.44,79940.8,1.56
25,69.87,21557.11,79763.44,1.62
25,69.85,21570.78,79468.62,1.68
25,69.83,21584.45,79057.49,1.74
25,69.82,21598.11,78531.7,1.8
25,69.8,21611.78,77893.29,1.86
25,69.79,21625.44,77144.81,1.92
25,69.77,21639.11,76289.2,1.98
25,69.76,21652.77,75329.84,2.04
25,69.74,21666.43,74270.51,2.1
25,69.72,21680.09,73115.4,2.16
25,69.71,21693.75,71869.06,2.22
25,69.69,21707.41,70536.41,2.28
25,69.68,21721.06,69122.72,2.34
25,69.66,21734.72,67633.56,2.4
25,69.65,21748.37,66074.8,2.46
25,69.63,21762.03,64452.61,2.52
25,69.61,21775.68,62773.38,2.58
25,69.6,21789.33,61043.74,2.64
25,69.58,21802.98,59270.51,2.7
25,69.57,21816.63,57460.7,2.76
25,69.55,21830.28,55621.44,2.82
25,69.54,21843.92,53760.0,2.88
25,69.52,21857.57,51883.72,2.94
25,69.5,21871.21,50000.0,3.0
25,69.49,21884.86,48116.28,2.94
25,69.47,21898.5,46240.0,2.88
25,69.46,21912.14,44378.56,2.82
25,69.44,21925.78,42539.3,2.76
25,69.43,21939.42,40729.49,2.7
25,69.41,21953.06,38956.26,2.64
25,69.4,21966.69,37226.62,2.58
25,69.38,21980.33,35547.39,2.52
25,69.36,21993.96,33925.2,2.46
25,69.35,22007.59,32366.44,2.4
25,69.33,22021.23,30877.28,2.34
25,69.32,22034.86,29463.59,2.28
25,69.3,22048.48,28130.94,2.22
25,69.29,22062.11,26884.6,2.16
25,69.27,22075.74,25729.49,2.1
25,69.26,22089.36,24670.16,2.04
25,69.24,22102.99,23710.8,1.98
25,69.23,22116.61,22855.19,1.92
25,69.21,22130.23,22106.71,1.86
25,69.19,22143.85,21468.3,1.8
25,69.18,22157.47,20942.51,1.74
25,69.16,22171.09,20531.38,1.68
25,69.15,22184.7,20236.56,1.62
25,69.13,22198.32,20059.2,1.56
25,69.12,22211.93,20000.0,1.5
25,69.1,22225.54,20059.2,1.44
25,69.09,22239.15,20236.56,1.38
25,69.07,22252.76,20531.38,1.32
25,69.06,22266.37,20942.51,1.26
25,69.04,22279.98,21468.3,1.2
25,69.03,22293.58,22106.71,1.14
25,69.01,22307.19,22855.19,1.08
25,69.0,22320.79,23710.8,1.02
25,68.98,22334.39,24670.16,0.96
25,68.97,22347.99,25729.49,0.9
25,68.95,22361.59,26884.6,0.84
25,68.94,22375.19,28130.94,0.78
25,68.92,22388.78,29463.59,0.72
25,68.91,22402.38,30877.28,0.66
25,68.89,22415.97,32366.44,0.6
25,68.87,22429.56,33925.2,0.54
25,68.86,22443.15,35547.39,0.48
25,68.84,22456.74,37226.62,0.42
25,68.83,22470.33,38956.26,0.36
25,68.81,22483.91,40729.49,0.3
25,68.8,22497.5,42539.3,0.24
25,68.78,22511.08,44378.56,0.18
25,68.77,22524.66,46240.0,0.12
25,68.75,22538.24,48116.28,0.06
26,68.74,22551.82,50000.0,0.0
26,68.72,22565.39,51883.72,0.06
26,68.71,22578.97,53760.0,0.12
26,68.69,22592.54,55621.44,0.18
26,68.68,22606.11,57460.7,0.24
26,68.66,22619.68,59270.51,0.3
26,68.65,22633.25,61043.74,0.36
26,68.63,22646.82,62773.38,0.42
26,68.62,22660.39,64452.61,0.48
26,68.61,22673.95,66074.8,0.54
26,68.59,22687.51,67633.56,0.6
26,68.58,22701.08,69122.72,0.66
26,68.56,22714.64,70536.41,0.72
26,68.55,22728.19,71869.06,0.78
26,68.53,22741.75,73115.4,0.84
26,68.52,22755.31,74270.51,0.9
26,68.5,22768.86,75329.84,0.96
26,68.49,22782.41,76289.2,1.02
26,68.47,22795.96,77144.81,1.08
26,68.46,22809.51,77893.29,1.14
26,68.44,22823.06,78531.7,1.2
26,68.43,22836.6,79057.49,1.26
26,68.41,22850.15,79468.62,1.32
26,68.4,22863.69,79763.44,1.38
26,68.38,22877.23,79940.8,1.44
26,68.37,22890.77,80000.0,1.5
26,68.35,22904.3,79940.8,1.56
26,68.34,22917.84,79763.44,1.62
26,68.32,22931.37,79468.62,1.68
26,68.31,22944.9,79057.49,1.74
26,68.3,22958.44,78531.7,1.8
26,68.28,22971.96,77893.29,1.86
26,68.27,22985.49,77144.81,1.92
26,68.25,22999.02,76289.2,1.98
26,68.24,23012.54,75329.84,2.04
26,68.22,23026.06,74270.51,2.1
26,68.21,23039.58,73115.4,2.16
26,68.19,23053.1,71869.06,2.22
26,68.18,23066.62,70536.41,2.28
26,68.16,23080.13,69122.72,2.34
26,68.15,23093.65,67633.56,2.4
26,68.13,23107.16,66074.8,2.46
26,68.12,23120.67,64452.61,2.52
26,68.11,23134.17,62773.38,2.58
26,68.09,23147.68,61043.74,2.64
26,68.08,23161.18,59270.51,2.7
26,68.06,23174.69,57460.7,2.76
26,68.05,23188.19,55621.44,2.82
26,68.03,23201.69,53760.0,2.88
26,68.02,23215.18,51883.72,2.94
26,68.0,23228.68,50000.0,3.0
26,67.99,23242.17,48116.28,2.94
26,67.98,23255.66,46240.0,2.88
26,67.96,23269.15,44378.56,2.82
26,67.95,23282.64,42539.3,2.76
26,67.93,23296.13,40729.49,2.7
26,67.92,23309.61,38956.26,2.64
26,67.9,23323.1,37226.62,2.58
26,67.89,23336.58,35547.39,2.52
26,67.88,23350.06,33925.2,2.46
26,67.86,23363.53,32366.44,2.4
26,67.85,23377.01,30877.28,2.34
26,67.83,23390.48,29463.59,2.28
26,67.82,23403.95,28130.94,2.22
26,67.8,23417.42,26884.6,2.16
26,67.79,23430.89,25729.49,2.1
26,67.78,23444.35,24670.16,2.04
26,67.76,23457.82,23710.8,1.98
26,67.75,23471.28,22855.19,1.92
26,67.73,23484.74,22106.71,1.86
26,67.72,23498.2,21468.3,1.8
26,67.7,23511.65,20942.51,1.74
26,67.69,23525.11,20531.38,1.68
26,67.68,23538.56,20236.56,1.62
26,67.66,23552.01,20059.2,1.56
26,67.65,23565.46,20000.0,1.5
26,67.63,23578.9,20059.2,1.44
26,67.62,23592.35,20236.56,1.38
26,67.61,23605.79,20531.38,1.32
26,67.59,23619.23,20942.51,1.26
26,67.58,23632.67,21468.3,1.2
26,67.56,23646.1,22106.71,1.14
26,67.55,23659.54,22855.19,1.08
26,67.54,23672.97,23710.8,1.02
26,67.52,23686.4,24670.16,0.96
26,67.51,23699.83,25729.49,0.9
26,67.49,23713.26,26884.6,0.84
26,67.48,23726.68,28130.94,0.78
26,67.47,23740.1,29463.59,0.72
26,67.45,23753.52,30877.28,0.66
26,67.44,23766.94,32366.44,0.6
26,67.42,23780.36,33925.2,0.54
26,67.41,23793.77,35547.39,0.48
26,67.4,23807.18,37226.62,0.42
26,67.38,23820.59,38956.26,0.36
26,67.37,23834.0,40729.49,0.3
26,67.35,23847.4,42539.3,0.24
26,67.34,23860.81,44378.56,0.18
26,67.33,23874.21,46240.0,0.12
26,67.31,23887.61,48116.28,0.06
27,67.3,23901.0,50000.0,0.0
27,67.28,23914.4,51883.72,0.06
27,67.27,23927.79,53760.0,0.12
27,67.26,23941.18,55621.44,0.18
27,67.24,23954.57,57460.7,0.24
27,67.23,23967.96,59270.51,0.3
27,67.22,23981.34,61043.74,0.36
27,67.2,23994.72,62773.38,0.42
27,67.19,24008.1,64452.61,0.48
27,67.17,24021.48,66074.8,0.54
27,67.16,24034.86,67633.56,0.6
27,67.15,24048.23,69122.72,0.66
27,67.13,24061.6,70536.41,0.72
27,67.12,24074.97,71869.06,0.78
27,67.11,24088.34,73115.4,0.84
27,67.09,24101.7,74270.51,0.9
27,67.08,24115.07,75329.84,0.96
27,67.07,24128.43,76289.2,1.02
27,67.05,24141.78,77144.81,1.08
27,67.04,24155.14,77893.29,1.14
27,67.02,24168.49,78531.7,1.2
27,67.01,24181.84,79057.49,1.26
27,67.0,24195.19,79468.62,1.32
27,66.98,24208.54,79763.44,1.38
27,66.97,24221.88,79940.8,1.44
27,66.96,24235.23,80000.0,1.5
27,66.94,24248.57,79940.8,1.56
27,66.93,24261.91,79763.44,1.62
27,66.92,24275.24,79468.62,1.68
27,66.9,24288.57,79057.49,1.74
27,66.89,24301.9,78531.7,1.8
27,66.88,24315.23,77893.29,1.86
27,66.86,24328.56,77144.81,1.92
27,66.85,24341.88,76289.2,1.98
27,66.83,24355.21,75329.84,2.04
27,66.82,24368.52,74270.51,2.1
27,66.81,24381.84,73115.4,2.16
27,66.79,24395.16,71869.06,2.22
27,66.78,24408.47,70536.41,2.28
27,66.77,24421.78,69122.72,2.34
27,66.75,24435.09,67633.56,2.4
27,66.74,24448.39,66074.8,2.46
27,66.73,24461.7,64452.61,2.52
27,66.71,24475.0,62773.38,2.58
27,66.7,24488.29,61043.74,2.64
27,66.69,24501.59,59270.51,2.7
27,66.67,24514.88,57460.7,2.76
27,66.66,24528.18,55621.44,2.82
27,66.65,24541.46,53760.0,2.88
27,66.63,24554.75,51883.72,2.94
27,66.62,24568.03,50000.0,3.0
27,66.61,24581.32,48116.28,2.94
27,66.59,24594.6,46240.0,2.88
27,66.58,24607.87,44378.56,2.82
27,66.57,24621.15,42539.3,2.76
27,66.55,24634.42,40729.49,2.7
27,66.54,24647.69,38956.26,2.64
27,66.53,24660.96,37226.62,2.58
27,66.51,24674.22,35547.39,2.52
27,66.5,24687.48,33925.2,2.46
27,66.49,24700.74,32366.44,2.4
27,66.47,24714.0,30877.28,2.34
27,66.46,24727.25,29463.59,2.28
27,66.45,24740.51,28130.94,2.22
27,66.44,24753.76,26884.6,2.16
27,66.42,24767.0,25729.49,2.1
27,66.41,24780.25,24670.16,2.04
27,66.4,24793.49,23710.8,1.98
27,66.38,24806.73,22855.19,1.92
27,66.37,24819.97,22106.71,1.86
27,66.36,24833.2,21468.3,1.8
27,66.34,24846.43,20942.51,1.74
27,66.33,24859.66,20531.38,1.68
27,66.32,24872.89,20236.56,1.62
27,66.3,24886.12,20059.2,1.56
27,66.29,24899.34,20000.0,1.5
27,66.28,24912.56,20059.2,1.44
27,66.27,24925.78,20236.56,1.38
27,66.25,24938.99,20531.38,1.32
27,66.24,24952.2,20942.51,1.26
27,66.23,24965.41,21468.3,1.2
27,66.21,24978.62,22106.71,1.14
27,66.2,24991.82,22855.19,1.08
27,66.19,25005.02,23710.8,1.02
27,66.17,25018.22,24670.16,0.96
27,66.16,25031.42,25729.49,0.9
27,66.15,25044.61,26884.6,0.84
27,66.14,25057.81,28130.94,0.78
27,66.12,25070.99,29463.59,0.72
27,66.11,25084.18,30877.28,0.66
27,66.1,25097.36,32366.44,0.6
27,66.08,25110.55,33925.2,0.54
27,66.07,25123.72,35547.39,0.48
27,66.06,25136.9,37226.62,0.42
27,66.05,25150.07,38956.26,0.36
27,66.03,25163.24,40729.49,0.3
27,66.02,25176.41,42539.3,0.24
27,66.01,25189.58,44378.56,0.18
27,65.99,25202.74,46240.0,0.12
27,65.98,25215.9,48116.28,0.06
28,65.97,25229.05,50000.0,0.0
28,65.96,25242.21,51883.72,0.06
28,65.94,25255.36,53760.0,0.12
28,65.93,25268.51,55621.44,0.18
28,65.92,25281.66,57460.7,0.24
28,65.91,25294.8,59270.51,0.3
28,65.89,25307.94,61043.74,0.36
28,65.88,25321.08,62773.38,0.42
28,65.87,25334.22,64452.61,0.48
28,65.85,25347.35,66074.8,0.54
28,65.84,25360.48,67633.56,0.6
28,65.83,25373.61,69122.72,0.66
28,65.82,25386.73,70536.41,0.72
28,65.8,25399.85,71869.06,0.78
28,65.79,25412.97,73115.4,0.84
28,65.78,25426.09,74270.51,0.9
28,65.77,25439.2,75329.84,0.96
28,65.75,25452.31,76289.2,1.02
28,65.74,25465.42,77144.81,1.08
28,65.73,25478.53,77893.29,1.14
28,65.72,25491.63,78531.7,1.2
28,65.7,25504.73,79057.49,1.26
28,65.69,25517.83,79468.62,1.32
28,65.68,25530.92,79763.44,1.38
28,65.67,25544.01,79940.8,1.44
28,65.65,25557.1,80000.0,1.5
28,65.64,25570.19,79940.8,1.56
28,65.63,25583.27,79763.44,1.62
28,65.62,25596.35,79468.62,1.68
28,65.6,25609.43,79057.49,1.74
28,65.59,25622.5,78531.7,1.8
28,65.58,25635.57,77893.29,1.86
28,65.57,25648.64,77144.81,1.92
28,65.55,25661.71,76289.2,1.98
28,65.54,25674.77,75329.84,2.04
28,65.53,25687.83,74270.51,2.1
28,65.52,25700.89,73115.4,2.16
28,65.5,25713.95,71869.06,2.22
28,65.49,25727.0,70536.41,2.28
28,65.48,25740.05,69122.72,2.34
28,65.47,25753.09,67633.56,2.4
28,65.45,25766.14,66074.8,2.46
28,65.44,25779.18,64452.61,2.52
28,65.43,25792.21,62773.38,2.58
28,65.42,25805.25,61043.74,2.64
28,65.4,25818.28,59270.51,2.7
28,65.39,25831.31,57460.7,2.76
28,65.38,25844.34,55621.44,2.82
28,65.37,25857.36,53760.0,2.88
28,65.35,25870.38,51883.72,2.94
28,65.34,25883.4,50000.0,3.0
28,65.33,25896.41,48116.28,2.94
28,65.32,25909.42,46240.0,2.88
28,65.31,25922.43,44378.56,2.82
28,65.29,25935.44,42539.3,2.76
28,65.28,25948.44,40729.49,2.7
28,65.27,25961.44,38956.26,2.64
28,65.26,25974.43,37226.62,2.58
28,65.24,25987.43,35547.39,2.52
28,65.23,26000.42,33925.2,2.46
28,65.22,26013.41,32366.44,2.4
28,65.21,26026.39,30877.28,2.34
28,65.2,26039.37,29463.59,2.28
28,65.18,26052.35,28130.94,2.22
28,65.17,26065.33,26884.6,2.16
28,65.16,26078.3,25729.49,2.1
28,65.15,26091.27,24670.16,2.04
28,65.14,26104.24,23710.8,1.98
28,65.12,26117.2,22855.19,1.92
28,65.11,26130.16,22106.71,1.86
28,65.1,26143.12,21468.3,1.8
28,65.09,26156.08,20942.51,1.74
28,65.07,26169.03,20531.38,1.68
28,65.06,26181.98,20236.56,1.62
28,65.05,26194.92,20059.2,1.56
28,65.04,26207.86,20000.0,1.5
28,65.03,26220.8,20059.2,1.44
28,65.01,26233.74,20236.56,1.38
28,65.0,26246.67,20531.38,1.32
28,64.99,26259.6,20942.51,1.26
28,64.98,26272.53,21468.3,1.2
28,64.97,26285.46,22106.71,1.14
28,64.95,26298.38,22855.19,1.08
28,64.94,26311.3,23710.8,1.02
28,64.93,26324.21,24670.16,0.96
28,64.92,26337.12,25729.49,0.9
28,64.91,26350.03,26884.6,0.84
28,64.9,26362.94,28130.94,0.78
28,64.88,26375.84,29463.59,0.72
28,64.87,26388.74,30877.28,0.66
28,64.86,26401.64,32366.44,0.6
28,64.85,26414.53,33925.2,0.54
28,64.84,26427.42,35547.39,0.48
28,64.82,26440.31,37226.62,0.42
28,64.81,26453.19,38956.26,0.36
28,64.8,26466.07,40729.49,0.3
28,64.79,26478.95,42539.3,0.24
28,64.78,26491.83,44378.56,0.18
28,64.76,26504.7,46240.0,0.12
28,64.75,26517.57,48116.28,0.06
29,64.74,26530.43,50000.0,0.0
29,64.73,26543.29,51883.72,0.06
29,64.72,26556.15,53760.0,0.12
29,64.71,26569.01,55621.44,0.18
29,64.69,26581.86,57460.7,0.24
29,64.68,26594.71,59270.51,0.3
29,64.67,26607.56,61043.74,0.36
29,64.66,26620.4,62773.38,0.42
29,64.65,26633.24,64452.61,0.48
29,64.64,26646.08,66074.8,0.54
29,64.62,26658.91,67633.56,0.6
29,64.61,26671.74,69122.72,0.66
29,64.6,26684.57,70536.41,0.72
29,64.59,26697.39,71869.06,0.78
29,64.58,26710.21,73115.4,0.84
29,64.57,26723.03,74270.51,0.9
29,64.55,26735.84,75329.84,0.96
29,64.54,26748.66,76289.2,1.02
29,64.53,26761.46,77144.81,1.08
29,64.52,26774.27,77893.29,1.14
29,64.51,26787.07,78531.7,1.2
29,64.5,26799.87,79057.49,1.26
29,64.48,26812.66,79468.62,1.32
29,64.47,26825.45,79763.44,1.38
29,64.46,26838.24,79940.8,1.44
29,64.45,26851.03,80000.0,1.5
29,64.44,26863.81,79940.8,1.56
29,64.43,26876.59,79763.44,1.62
29,64.41,26889.36,79468.62,1.68
29,64.4,26902.13,79057.49,1.74
29,64.39,26914.9,78531.7,1.8
29,64.38,26927.67,77893.29,1.86
29,64.37,26940.43,77144.81,1.92
29,64.36,26953.19,76289.2,1.98
29,64.35,26965.94,75329.84,2.04
29,64.33,26978.7,74270.51,2.1
29,64.32,26991.45,73115.4,2.16
29,64.31,27004.19,71869.06,2.22
29,64.3,27016.93,70536.41,2.28
29,64.29,27029.67,69122.72,2.34
29,64.28,27042.41,67633.56,2.4
29,64.27,27055.14,66074.8,2.46
29,64.25,27067.87,64452.61,2.52
29,64.24,27080.6,62773.38,2.58
29,64.23,27093.32,61043.74,2.64
29,64.22,27106.04,59270.51,2.7
29,64.21,27118.75,57460.7,2.76
29,64.2,27131.46,55621.44,2.82
29,64.19,27144.17,53760.0,2.88
29,64.17,27156.88,51883.72,2.94
29,64.16,27169.58,50000.0,3.0
29,64.15,27182.28,48116.28,2.94
29,64.14,27194.98,46240.0,2.88
29,64.13,27207.67,44378.56,2.82
29,64.12,27220.36,42539.3,2.76
29,64.11,27233.04,40729.49,2.7
29,64.1,27245.72,38956.26,2.64
29,64.08,27258.4,37226.62,2.58
29,64.07,27271.08,35547.39,2.52
29,64.06,27283.75,33925.2,2.46
29,64.05,27296.42,32366.44,2.4
29,64.04,27309.08,30877.28,2.34
29,64.03,27321.74,29463.59,2.28
29,64.02,27334.4,28130.94,2.22
29,64.01,27347.06,26884.6,2.16
29,63.99,27359.71,25729.49,2.1
29,63.98,27372.35,24670.16,2.04
29,63.97,27385.0,23710.8,1.98
29,63.96,27397.64,22855.19,1.92
29,63.95,27410.28,22106.71,1.86
29,63.94,27422.91,21468.3,1.8
29,63.93,27435.54,20942.51,1.74
29,63.92,27448.17,20531.38,1.68
29,63.9,27460.79,20236.56,1.62
29,63.89,27473.41,20059.2,1.56
29,63.88,27486.03,20000.0,1.5
29,63.87,27498.64,20059.2,1.44
29,63.86,27511.25,20236.56,1.38
29,63.85,27523.86,20531.38,1.32
29,63.84,27536.46,20942.51,1.26
29,63.83,27549.06,21468.3,1.2
29,63.82,27561.66,22106.71,1.14
29,63.81,27574.25,22855.19,1.08
29,63.79,27586.84,23710.8,1.02
29,63.78,27599.42,24670.16,0.96
29,63.77,27612.01,25729.49,0.9
29,63.76,27624.58,26884.6,0.84
29,63.75,27637.16,28130.94,0.78
29,63.74,27649.73,29463.59,0.72
29,63.73,27662.3,30877.28,0.66
29,63.72,27674.86,32366.44,0.6
29,63.71,27687.42,33925.2,0.54
29,63.7,27699.98,35547.39,0.48
29,63.68,27712.53,37226.62,0.42
29,63.67,27725.08,38956.26,0.36
29,63.66,27737.63,40729.49,0.3
29,63.65,27750.17,42539.3,0.24
29,63.64,27762.71,44378.56,0.18
29,63.63,27775.25,46240.0,0.12
29,63.62,27787.78,48116.28,0.06
